0 0 1
1 1 1
2 1 1
3 2 1
4 3 1
5 4 1
6 1 1
7 5 1
8 6 1
9 7 1
10 1 1
11 1 1
12 1 1
13 8 1
14 9 1
15 1 1
16 10 1
17 11 1
18 1 1
19 12 1
20 1 1
21 1 1
22 1 1
23 13 1
24 14 1
25 15 1
25 16 1
26 1 1
27 10 1
28 1 1
29 17 1
30 18 1
30 19 1
31 20 1
32 21 1
33 22 1
34 1 1
35 1 1
36 1 1
37 17 1
38 23 1
39 24 1
39 25 1
40 10 1
41 1 1
42 10 1
43 26 1
44 27 1
45 1 1
46 28 1
47 29 1
48 17 1
48 6 1
49 10 1
50 1 1
51 10 1
52 1 1
53 1 1
54 18 1
54 30 1
54 31 1
54 25 1
54 21 1
55 6 1
56 10 1
57 1 1
58 32 1
59 10 1
60 1 1
61 33 1
62 34 1
63 1 1
64 10 1
65 1 1
66 35 1
67 18 1
67 30 1
67 25 1
67 21 1
67 36 1
68 1 1
69 1 1
70 35 1
71 37 1
72 10 1
73 38 1
74 36 1
74 39 1
75 18 1
76 1 1
77 35 1
78 1 1
79 10 1
80 37 1
81 15 1
81 40 1
81 41 1
81 42 1
81 43 1
82 37 1
83 18 1
84 44 1
85 35 1
86 45 1
87 1 1
88 46 1
89 15 1
90 47 1
91 18 1
91 19 1
92 37 1
93 48 1
94 35 1
95 6 1
95 49 1
95 30 1
96 2 1
97 50 1
98 51 1
98 21 1
99 38 1
100 37 1
101 52 1
102 6 1
103 53 1
104 54 1
105 35 1
106 17 1
107 55 1
108 37 1
109 56 1
110 36 1
111 6 1
112 57 1
113 6 1
114 57 1
115 58 1
116 30 1
117 57 1
118 59 1
118 60 1
119 61 1
119 25 1
119 62 1
120 21 1
120 63 1
120 64 1
120 65 1
121 57 1
121 66 1
122 6 1
122 52 1
122 67 1
123 68 1
123 69 1
124 57 1
125 61 1
126 70 1
127 6 1
128 57 1
129 71 1
129 16 1
130 41 1
130 72 1
131 57 1
132 73 1
132 74 1
132 6 1
133 75 1
133 76 1
134 6 1
135 44 1
136 77 1
137 78 1
138 79 1
138 80 1
139 81 1
139 82 1
139 83 1
139 84 1
140 85 1
140 86 1
140 87 1
141 88 1
142 9 1
143 89 1
144 21 1
144 90 1
145 6 1
145 91 1
145 92 1
146 9 1
146 2 1
147 93 1
148 9 1
149 74 1
150 68 1
151 9 1
152 1 1
152 94 1
153 12 1
154 44 1
154 6 1
154 95 1
155 6 1
156 37 1
157 37 1
158 96 1
159 57 1
159 97 1
160 25 1
161 98 1
162 99 1
163 36 1
164 100 1
165 101 1
166 102 1
167 103 1
168 94 1
169 104 1
170 105 1
171 6 1
171 106 1
171 107 1
171 108 1
172 106 1
173 109 1
174 110 1
175 111 1
176 17 1
176 6 1
177 57 1
178 37 1
179 6 1
180 57 1
180 112 1
181 113 1
181 114 1
182 6 1
182 115 1
183 57 1
184 37 1
185 116 1
186 16 1
187 117 1
187 118 1
188 57 1
189 6 1
190 57 1
191 119 1
192 30 1
192 25 1
193 57 1
194 9 1
194 120 1
195 9 1
196 57 1
197 121 1
197 122 1
197 123 1
198 124 1
198 125 1
199 57 1
199 66 1
200 41 1
201 126 1
202 127 1
203 110 1
203 128 1
203 129 1
203 130 1
203 131 1
204 2 1
204 132 1
205 57 1
205 133 1
205 132 1
206 134 1
207 71 1
207 135 1
208 57 1
209 136 1
209 6 1
209 137 1
210 138 1
211 139 1
211 41 1
212 140 1
213 141 1
213 64 1
213 142 1
213 30 1
213 143 1
214 57 1
215 63 1
215 64 1
216 144 1
216 145 1
217 139 1
218 57 1
219 146 1
219 147 1
220 148 1
221 149 1
221 6 1
222 6 1
223 150 1
223 74 1
223 6 1
223 151 1
224 152 1
224 153 1
224 154 1
224 155 1
225 156 1
225 82 1
226 25 1
227 157 1
228 158 1
228 159 1
229 160 1
229 161 1
229 84 1
229 162 1
229 21 1
230 163 1
231 21 1
231 156 1
232 127 1
232 164 1
232 165 1
232 166 1
233 167 1
234 51 1
235 167 1
236 11 1
237 168 1
238 30 1
238 25 1
238 36 1
238 169 1
239 57 1
239 132 1
239 170 1
239 171 1
239 66 1
240 172 1
241 21 1
241 25 1
242 30 1
243 57 1
243 66 1
243 173 1
243 174 1
244 175 1
244 6 1
244 176 1
244 25 1
244 177 1
245 178 1
246 2 1
246 179 1
247 180 1
248 181 1
248 85 1
248 182 1
248 183 1
249 184 1
249 185 1
249 186 1
249 187 1
249 188 1
249 25 1
249 30 1
249 189 1
250 190 1
251 191 1
252 184 1
252 30 1
253 44 1
254 192 1
254 25 1
254 8 1
255 193 1
256 194 1
257 195 1
258 196 1
258 30 1
258 25 1
259 197 1
259 198 1
260 199 1
261 200 1
262 51 1
263 57 1
263 173 1
263 132 1
263 171 1
263 66 1
263 201 1
263 202 1
264 57 1
264 66 1
264 163 1
264 25 1
264 30 1
265 203 1
265 21 1
266 204 1
266 205 1
266 206 1
266 207 1
266 208 1
266 209 1
266 210 1
267 211 1
267 6 1
267 39 1
268 52 1
269 212 1
270 51 1
271 213 1
272 17 1
273 213 1
274 214 1
275 215 1
275 44 1
276 216 1
277 217 1
278 218 1
279 219 1
280 57 1
280 173 1
280 35 1
281 220 1
281 221 1
281 22 1
281 222 1
282 9 1
282 223 1
282 25 1
282 36 1
283 224 1
284 218 1
285 225 1
286 8 1
286 226 1
286 21 1
287 21 1
287 227 1
288 136 1
288 228 1
288 43 1
289 6 1
289 149 1
289 127 1
289 229 1
289 43 1
290 230 1
291 197 1
291 231 1
291 30 1
291 127 1
291 161 1
291 21 1
292 232 1
293 136 1
294 233 1
294 234 1
295 235 1
296 6 1
296 236 1
297 237 1
298 238 1
299 8 1
299 239 1
299 240 1
299 6 1
299 0 1
300 241 1
300 242 1
300 243 1
301 244 1
301 23 1
301 30 1
301 80 1
302 245 1
303 246 1
303 0 1
303 52 1
303 247 1
303 248 1
303 74 1
303 2 1
303 249 1
303 250 1
303 15 1
303 23 1
303 25 1
303 30 1
304 30 1
304 25 1
304 17 1
304 251 1
305 21 1
306 252 1
306 253 1
306 254 1
306 255 1
306 256 1
307 252 1
307 253 1
308 252 1
308 253 1
309 167 1
310 257 1
311 71 1
312 228 1
312 258 1
313 254 1
314 22 1
314 259 1
314 260 1
315 261 1
316 23 1
316 74 1
316 262 1
316 21 1
317 258 1
318 6 1
318 25 1
318 153 1
318 263 1
319 264 1
320 265 1
321 84 1
322 75 1
322 243 1
323 266 1
324 267 1
325 265 1
326 268 1
326 123 1
326 21 1
326 165 1
326 269 1
326 270 1
327 193 1
328 7 1
329 193 1
330 271 1
331 272 1
332 156 1
332 84 1
332 162 1
333 193 1
334 42 1
335 273 1
336 274 1
336 275 1
337 162 1
338 266 1
339 161 1
340 276 1
341 15 1
341 41 1
341 6 1
341 39 1
341 229 1
342 9 1
343 57 1
343 277 1
343 278 1
344 23 1
344 25 1
344 155 1
344 149 1
345 163 1
345 51 1
345 147 1
346 6 1
346 149 1
347 57 1
347 173 1
347 30 1
347 25 1
348 279 1
349 44 1
350 280 1
350 281 1
350 282 1
351 225 1
352 283 1
352 284 1
353 285 1
353 286 1
353 287 1
353 288 1
354 289 1
354 280 1
355 17 1
355 290 1
356 291 1
356 22 1
356 286 1
356 292 1
356 293 1
356 294 1
357 295 1
358 296 1
358 297 1
359 298 1
360 30 1
360 143 1
360 25 1
360 299 1
360 22 1
360 300 1
360 301 1
360 222 1
361 302 1
362 303 1
363 103 1
363 304 1
363 305 1
363 306 1
364 298 1
365 252 1
365 253 1
366 236 1
366 127 1
366 30 1
366 307 1
366 308 1
366 309 1
367 60 1
368 21 1
368 161 1
368 84 1
368 310 1
369 311 1
370 312 1
370 249 1
370 313 1
370 314 1
370 315 1
370 316 1
370 90 1
370 317 1
370 318 1
370 319 1
371 320 1
372 321 1
373 322 1
374 44 1
375 292 1
376 323 1
377 6 1
377 324 1
377 325 1
377 94 1
378 24 1
379 106 1
380 84 1
381 165 1
381 326 1
382 23 1
382 327 1
382 25 1
382 328 1
382 329 1
383 23 1
383 6 1
383 330 1
384 331 1
385 332 1
385 25 1
385 30 1
386 16 1
386 333 1
387 334 1
388 22 1
388 286 1
388 271 1
388 335 1
389 336 1
390 127 1
391 337 1
392 338 1
392 30 1
392 25 1
392 155 1
392 36 1
392 339 1
392 178 1
392 143 1
393 6 1
393 30 1
393 340 1
393 341 1
393 248 1
393 74 1
393 236 1
393 143 1
393 342 1
394 16 1
394 343 1
395 163 1
396 344 1
396 345 1
397 23 1
397 6 1
397 30 1
397 25 1
398 346 1
399 99 1
400 347 1
401 6 1
402 348 1
403 281 1
404 257 1
405 349 1
406 21 1
406 30 1
406 25 1
407 6 1
408 350 1
409 6 1
409 123 1
410 351 1
411 6 1
411 0 1
412 236 1
413 236 1
414 23 1
414 22 1
414 21 1
414 352 1
415 20 1
416 353 1
417 354 1
418 355 1
419 6 1
419 39 1
419 86 1
419 136 1
420 292 1
421 41 1
422 257 1
423 356 1
423 357 1
424 103 1
424 6 1
425 358 1
426 22 1
426 359 1
426 360 1
426 294 1
426 361 1
427 362 1
427 156 1
428 363 1
428 364 1
429 365 1
429 30 1
429 25 1
429 143 1
429 366 1
429 367 1
429 163 1
429 368 1
430 358 1
431 238 1
431 0 1
431 250 1
432 63 1
432 141 1
432 21 1
432 64 1
432 218 1
432 369 1
432 370 1
433 369 1
434 10 1
435 365 1
435 25 1
435 30 1
435 143 1
435 366 1
435 367 1
435 163 1
435 368 1
436 371 1
437 288 1
438 239 1
438 226 1
438 30 1
439 30 1
439 372 1
439 373 1
440 63 1
441 374 1
442 110 1
443 375 1
444 1 1
445 285 1
445 288 1
446 376 1
447 10 1
448 10 1
449 106 1
450 0 1
450 6 1
450 149 1
450 30 1
450 377 1
451 288 1
452 15 1
452 41 1
452 6 1
452 39 1
452 229 1
453 10 1
454 378 1
454 298 1
455 10 1
456 10 1
457 6 1
457 52 1
458 114 1
459 298 1
460 10 1
461 10 1
462 10 1
463 10 1
464 22 1
464 86 1
465 379 1
465 380 1
465 381 1
465 382 1
465 383 1
465 384 1
465 385 1
466 114 1
467 10 1
468 10 1
469 10 1
470 10 1
471 10 1
472 10 1
473 10 1
474 10 1
475 386 1
476 363 1
476 51 1
476 147 1
477 387 1
478 6 1
478 74 1
478 388 1
478 73 1
479 52 1
480 389 1
481 6 1
481 31 1
482 30 1
482 25 1
482 36 1
482 251 1
483 390 1
484 391 1
485 392 1
485 393 1
485 394 1
485 395 1
485 396 1
485 397 1
485 156 1
485 398 1
485 30 1
485 399 1
485 257 1
485 400 1
485 345 1
485 401 1
485 402 1
485 41 1
485 403 1
485 99 1
486 6 1
488 10 1
489 10 1
490 404 1
491 10 1
492 10 1
493 10 1
494 10 1
495 10 1
496 10 1
497 405 1
498 10 1
499 406 1
499 6 1
500 407 1
501 408 1
502 60 1
503 6 1
503 409 1
504 410 1
505 25 1
505 411 1
506 30 1
506 25 1
506 60 1
506 52 1
506 143 1
507 364 1
508 412 1
509 10 1
510 413 1
510 127 1
510 414 1
511 6 1
511 25 1
511 415 1
512 416 1
512 382 1
512 383 1
512 417 1
513 418 1
513 419 1
514 420 1
515 10 1
516 6 1
516 421 1
517 6 1
517 17 1
518 422 1
519 423 1
520 424 1
520 425 1
520 31 1
521 426 1
522 383 1
522 427 1
523 1 1
524 298 1
524 428 1
525 429 1
526 430 1
527 431 1
528 6 1
529 432 1
529 420 1
529 433 1
529 434 1
529 435 1
530 44 1
531 436 1
532 437 1
533 430 1
534 6 1
534 74 1
534 73 1
535 302 1
535 152 1
536 438 1
537 439 1
538 6 1
538 141 1
538 64 1
539 440 1
541 30 1
541 372 1
542 441 1
543 6 1
543 74 1
543 409 1
543 147 1
544 442 1
544 443 1
545 6 1
546 23 1
546 444 1
547 21 1
547 445 1
548 6 1
549 222 1
550 6 1
551 446 1
551 447 1
552 6 1
553 388 1
553 448 1
553 6 1
553 449 1
553 450 1
553 451 1
553 0 1
553 452 1
554 10 1
555 6 1
556 453 1
556 454 1
556 455 1
557 2 1
558 23 1
558 6 1
558 17 1
559 456 1
559 457 1
560 6 1
561 456 1
561 457 1
562 2 1
563 6 1
563 25 1
564 52 1
564 2 1
565 10 1
566 6 1
567 458 1
568 292 1
568 459 1
569 10 1
570 376 1
571 21 1
571 156 1
571 82 1
571 30 1
571 460 1
571 161 1
571 83 1
571 227 1
572 22 1
572 461 1
572 24 1
573 462 1
574 463 1
574 464 1
574 465 1
574 466 1
574 467 1
574 468 1
574 469 1
574 470 1
574 128 1
574 249 1
574 314 1
574 471 1
575 22 1
576 6 1
577 248 1
578 6 1
579 197 1
580 472 1
580 473 1
581 474 1
582 30 1
582 25 1
582 17 1
582 143 1
583 22 1
583 461 1
583 323 1
583 24 1
584 475 1
585 337 1
586 476 1
586 364 1
586 29 1
586 477 1
587 478 1
588 22 1
588 479 1
589 6 1
590 25 1
591 156 1
591 25 1
592 376 1
593 163 1
594 480 1
595 39 1
595 481 1
595 482 1
596 8 1
597 24 1
597 343 1
597 8 1
598 6 1
599 483 1
599 484 1
599 485 1
600 6 1
600 486 1
600 149 1
601 487 1
601 488 1
602 489 1
603 439 1
604 6 1
605 439 1
606 21 1
606 156 1
606 372 1
607 6 1
608 490 1
608 491 1
608 492 1
609 493 1
610 493 1
611 6 1
611 479 1
612 494 1
612 495 1
613 496 1
614 497 1
614 498 1
614 499 1
614 500 1
614 501 1
614 502 1
615 503 1
615 504 1
616 22 1
616 359 1
616 360 1
616 505 1
616 294 1
617 25 1
617 506 1
617 507 1
618 508 1
619 509 1
619 510 1
620 18 1
621 511 1
622 508 1
623 292 1
623 512 1
624 21 1
624 455 1
625 23 1
625 30 1
625 372 1
625 244 1
625 169 1
625 513 1
625 514 1
625 515 1
625 516 1
625 517 1
626 6 1
627 518 1
628 519 1
629 23 1
629 127 1
629 520 1
629 346 1
629 40 1
629 521 1
630 163 1
630 437 1
630 143 1
630 36 1
631 522 1
632 6 1
633 62 1
634 6 1
634 25 1
634 52 1
635 21 1
636 523 1
637 117 1
638 6 1
638 151 1
639 524 1
640 96 1
641 103 1
642 6 1
642 408 1
643 6 1
643 229 1
644 525 1
645 30 1
645 36 1
645 526 1
646 36 1
647 6 1
648 163 1
649 387 1
650 22 1
650 21 1
650 25 1
651 144 1
651 527 1
652 286 1
652 6 1
652 74 1
652 248 1
652 222 1
652 136 1
652 528 1
652 529 1
653 408 1
654 10 1
655 6 1
656 79 1
657 530 1
658 531 1
658 172 1
658 99 1
658 532 1
658 533 1
659 103 1
659 117 1
659 534 1
659 96 1
660 10 1
661 30 1
661 25 1
661 52 1
662 535 1
663 6 1
663 149 1
664 536 1
664 537 1
665 25 1
665 30 1
665 36 1
665 465 1
666 21 1
666 156 1
667 421 1
668 287 1
669 538 1
670 6 1
671 6 1
672 6 1
673 364 1
673 441 1
673 539 1
673 540 1
673 541 1
673 147 1
674 49 1
675 10 1
676 156 1
677 233 1
677 542 1
677 234 1
678 10 1
679 543 1
679 544 1
680 63 1
681 6 1
682 21 1
682 545 1
682 518 1
683 103 1
684 21 1
684 30 1
684 6 1
684 52 1
685 6 1
686 25 1
687 6 1
687 25 1
688 23 1
688 6 1
688 123 1
689 6 1
689 49 1
689 30 1
689 546 1
689 341 1
689 112 1
689 463 1
689 57 1
689 132 1
689 547 1
689 211 1
689 43 1
690 63 1
691 548 1
692 17 1
693 549 1
694 57 1
694 550 1
694 170 1
694 551 1
694 66 1
695 63 1
695 64 1
696 10 1
697 23 1
697 25 1
697 552 1
697 52 1
697 42 1
697 553 1
697 554 1
697 555 1
698 21 1
698 437 1
698 165 1
698 17 1
698 556 1
699 487 1
699 488 1
700 10 1
701 557 1
702 302 1
703 25 1
703 226 1
703 321 1
703 8 1
704 30 1
704 25 1
704 558 1
704 36 1
705 559 1
705 560 1
706 10 1
707 21 1
707 30 1
707 460 1
707 227 1
708 25 1
708 561 1
709 562 1
709 563 1
710 156 1
710 162 1
710 564 1
711 79 1
711 565 1
711 462 1
712 330 1
712 145 1
712 566 1
713 567 1
713 568 1
714 569 1
714 292 1
715 79 1
715 51 1
715 570 1
715 158 1
715 571 1
716 6 1
717 161 1
717 83 1
718 6 1
719 25 1
719 323 1
720 103 1
720 572 1
721 10 1
722 10 1
723 573 1
724 574 1
725 23 1
725 79 1
725 343 1
725 575 1
726 576 1
726 556 1
726 577 1
727 30 1
727 248 1
727 479 1
727 74 1
727 578 1
727 579 1
727 580 1
728 581 1
729 17 1
730 582 1
730 6 1
730 479 1
730 292 1
730 580 1
730 172 1
731 346 1
731 583 1
731 309 1
732 6 1
732 99 1
732 584 1
733 6 1
734 10 1
735 249 1
735 585 1
735 586 1
736 292 1
736 172 1
736 587 1
737 79 1
737 588 1
738 55 1
739 42 1
740 10 1
741 589 1
742 6 1
743 17 1
743 251 1
744 39 1
745 6 1
745 590 1
746 222 1
746 335 1
747 6 1
747 591 1
747 325 1
747 136 1
747 529 1
748 49 1
748 2 1
749 25 1
750 286 1
750 222 1
750 335 1
751 6 1
751 39 1
751 409 1
751 136 1
752 592 1
753 376 1
754 10 1
755 30 1
755 372 1
756 0 1
756 593 1
757 387 1
758 6 1
758 151 1
759 10 1
760 21 1
760 156 1
761 594 1
762 10 1
763 242 1
764 595 1
764 593 1
764 340 1
765 596 1
766 236 1
767 6 1
767 597 1
767 598 1
767 151 1
767 599 1
768 21 1
768 25 1
768 600 1
769 6 1
770 601 1
771 49 1
772 6 1
772 151 1
773 376 1
774 103 1
774 6 1
775 23 1
775 6 1
776 602 1
777 64 1
777 17 1
778 6 1
778 409 1
779 603 1
779 604 1
779 605 1
779 606 1
780 352 1
780 25 1
780 323 1
781 607 1
782 10 1
783 608 1
783 609 1
783 25 1
783 251 1
783 36 1
784 6 1
785 103 1
786 610 1
787 10 1
788 337 1
789 103 1
790 162 1
790 81 1
791 75 1
791 611 1
792 480 1
792 612 1
793 442 1
793 613 1
794 562 1
795 17 1
796 17 1
797 10 1
798 233 1
798 542 1
799 83 1
800 52 1
801 614 1
802 117 1
802 123 1
802 52 1
802 615 1
804 21 1
804 156 1
804 567 1
804 161 1
804 513 1
804 295 1
805 238 1
805 616 1
805 617 1
805 618 1
806 249 1
806 10 1
806 619 1
806 620 1
806 621 1
807 6 1
807 238 1
807 409 1
807 15 1
807 622 1
808 25 1
809 6 1
809 0 1
809 448 1
809 99 1
810 10 1
811 6 1
811 623 1
812 25 1
813 39 1
813 248 1
813 75 1
813 340 1
813 190 1
813 624 1
813 350 1
814 21 1
814 156 1
814 30 1
814 564 1
815 337 1
816 30 1
816 25 1
816 36 1
816 251 1
817 10 1
818 10 1
819 6 1
819 30 1
820 625 1
820 383 1
820 626 1
820 627 1
821 628 1
822 177 1
822 80 1
822 6 1
822 21 1
822 169 1
822 25 1
822 325 1
822 60 1
822 248 1
822 165 1
822 136 1
822 629 1
822 143 1
822 630 1
823 376 1
824 631 1
825 162 1
826 6 1
827 631 1
828 6 1
829 21 1
829 156 1
830 10 1
831 632 1
832 455 1
833 359 1
833 360 1
834 10 1
835 6 1
836 44 1
837 633 1
837 361 1
837 284 1
837 369 1
837 564 1
838 22 1
839 25 1
839 30 1
839 21 1
840 413 1
840 246 1
841 21 1
841 30 1
841 25 1
841 165 1
842 634 1
843 6 1
843 635 1
843 479 1
844 30 1
845 103 1
846 103 1
847 49 1
847 488 1
848 636 1
848 637 1
849 6 1
849 638 1
850 421 1
850 439 1
850 639 1
851 36 1
851 640 1
851 372 1
852 6 1
853 284 1
854 641 1
855 22 1
855 490 1
856 642 1
857 25 1
858 277 1
859 641 1
860 241 1
861 25 1
862 163 1
863 21 1
863 30 1
863 25 1
864 643 1
865 6 1
866 644 1
866 645 1
866 646 1
867 147 1
868 52 1
868 647 1
869 203 1
869 21 1
870 6 1
870 49 1
871 25 1
872 6 1
872 648 1
872 149 1
872 649 1
873 6 1
873 650 1
874 10 1
875 346 1
875 40 1
875 649 1
876 387 1
877 10 1
878 651 1
879 302 1
880 564 1
880 141 1
881 135 1
881 651 1
882 416 1
882 382 1
882 652 1
882 383 1
882 302 1
883 6 1
883 15 1
884 416 1
884 382 1
884 383 1
884 302 1
885 576 1
886 6 1
887 653 1
888 82 1
888 567 1
888 45 1
888 83 1
888 654 1
888 564 1
889 177 1
889 6 1
889 25 1
889 68 1
889 655 1
889 656 1
890 302 1
891 6 1
892 657 1
893 21 1
893 156 1
894 416 1
894 382 1
894 658 1
894 652 1
894 383 1
894 659 1
894 427 1
894 381 1
894 660 1
894 661 1
894 662 1
894 663 1
895 291 1
895 22 1
895 286 1
895 664 1
895 541 1
895 665 1
895 666 1
895 172 1
895 667 1
895 668 1
895 669 1
895 670 1
896 671 1
897 94 1
897 672 1
897 673 1
898 639 1
899 25 1
899 21 1
899 583 1
899 23 1
899 71 1
899 460 1
899 523 1
899 674 1
899 556 1
899 675 1
900 676 1
901 6 1
902 25 1
902 60 1
903 94 1
904 156 1
904 83 1
905 677 1
906 6 1
906 25 1
907 238 1
907 616 1
907 678 1
907 617 1
907 679 1
907 373 1
908 222 1
908 286 1
909 10 1
910 103 1
911 127 1
911 21 1
911 564 1
912 680 1
912 681 1
913 286 1
913 292 1
913 682 1
913 683 1
913 172 1
913 293 1
913 580 1
914 684 1
915 21 1
915 685 1
916 103 1
916 52 1
916 372 1
916 572 1
917 686 1
918 21 1
918 248 1
918 687 1
918 688 1
918 8 1
918 689 1
918 690 1
918 691 1
919 6 1
920 23 1
921 692 1
922 693 1
922 203 1
923 593 1
924 71 1
924 16 1
925 22 1
925 271 1
925 694 1
925 695 1
925 335 1
926 39 1
926 602 1
926 640 1
926 372 1
927 696 1
928 10 1
929 30 1
929 697 1
929 698 1
930 699 1
930 651 1
931 21 1
931 600 1
931 81 1
932 593 1
933 94 1
933 700 1
934 127 1
934 6 1
934 324 1
934 164 1
934 701 1
934 307 1
934 702 1
934 244 1
934 703 1
934 704 1
934 421 1
934 705 1
934 706 1
934 707 1
934 220 1
934 165 1
934 94 1
934 362 1
934 673 1
934 143 1
934 708 1
934 147 1
935 21 1
935 523 1
936 25 1
937 6 1
938 8 1
939 709 1
939 163 1
939 364 1
939 539 1
939 51 1
939 363 1
939 249 1
939 710 1
939 29 1
939 711 1
939 712 1
939 343 1
939 713 1
939 619 1
939 714 1
940 6 1
940 30 1
940 17 1
941 715 1
942 716 1
943 16 1
943 717 1
944 436 1
945 716 1
946 6 1
946 30 1
946 698 1
947 10 1
948 51 1
948 147 1
948 363 1
948 249 1
948 718 1
948 719 1
948 705 1
948 655 1
949 17 1
950 10 1
951 10 1
952 10 1
953 720 1
954 593 1
955 10 1
956 10 1
957 293 1
957 292 1
957 172 1
957 721 1
957 722 1
957 580 1
958 103 1
959 723 1
960 6 1
960 724 1
960 725 1
961 80 1
961 10 1
962 25 1
962 372 1
962 698 1
963 10 1
964 726 1
964 584 1
965 727 1
966 728 1
967 22 1
967 86 1
967 490 1
968 729 1
968 479 1
969 21 1
969 82 1
969 45 1
969 60 1
970 60 1
971 6 1
971 449 1
971 151 1
971 730 1
972 117 1
972 323 1
972 731 1
972 732 1
972 733 1
973 6 1
973 409 1
973 136 1
974 734 1
975 6 1
975 21 1
975 735 1
975 99 1
975 736 1
975 737 1
976 17 1
977 99 1
978 738 1
978 726 1
978 739 1
978 740 1
979 10 1
980 436 1
981 25 1
981 52 1
981 687 1
982 10 1
983 436 1
984 741 1
984 742 1
985 729 1
986 10 1
987 156 1
987 83 1
988 742 1
989 25 1
990 743 1
991 10 1
992 493 1
993 10 1
994 744 1
994 220 1
995 17 1
995 529 1
996 21 1
996 156 1
996 745 1
997 746 1
998 747 1
999 16 1
999 619 1
1000 748 1
1000 30 1
1000 25 1
1000 36 1
1000 523 1
1000 143 1
1000 251 1
1001 694 1
1001 749 1
1002 144 1
1003 750 1
1004 226 1
1004 8 1
1005 751 1
1006 752 1
1007 30 1
1008 753 1
1008 751 1
1009 21 1
1009 30 1
1010 21 1
1010 25 1
1010 465 1
1011 754 1
1012 10 1
1013 156 1
1013 567 1
1013 83 1
1013 84 1
1013 755 1
1014 6 1
1015 6 1
1015 409 1
1016 17 1
1017 619 1
1018 6 1
1018 156 1
1018 30 1
1018 25 1
1018 756 1
1018 640 1
1019 25 1
1019 16 1
1019 52 1
1020 6 1
1020 52 1
1021 6 1
1022 17 1
1023 6 1
1023 723 1
1024 23 1
1025 387 1
1026 144 1
1027 493 1
1027 39 1
1028 6 1
1028 149 1
1028 757 1
1028 758 1
1029 364 1
1029 31 1
1029 706 1
1029 759 1
1030 79 1
1031 760 1
1032 761 1
1032 39 1
1032 91 1
1033 762 1
1034 25 1
1034 30 1
1034 17 1
1034 21 1
1034 523 1
1034 161 1
1035 462 1
1036 211 1
1037 6 1
1038 6 1
1039 10 1
1040 287 1
1041 763 1
1042 628 1
1043 25 1
1044 21 1
1044 764 1
1045 6 1
1046 25 1
1047 409 1
1048 6 1
1049 23 1
1049 363 1
1049 249 1
1049 30 1
1049 244 1
1049 718 1
1049 51 1
1049 765 1
1049 766 1
1049 767 1
1049 768 1
1049 147 1
1049 769 1
1050 770 1
1051 59 1
1051 753 1
1051 751 1
1052 21 1
1053 6 1
1053 117 1
1053 52 1
1054 612 1
1055 103 1
1056 30 1
1056 25 1
1056 756 1
1057 685 1
1058 729 1
1059 23 1
1059 421 1
1059 123 1
1060 6 1
1061 25 1
1061 771 1
1061 638 1
1062 6 1
1063 6 1
1063 772 1
1064 481 1
1065 773 1
1065 52 1
1066 16 1
1066 343 1
1067 774 1
1067 775 1
1067 74 1
1067 776 1
1067 777 1
1068 6 1
1069 80 1
1070 6 1
1070 25 1
1071 30 1
1071 143 1
1072 640 1
1072 372 1
1072 698 1
1073 6 1
1074 156 1
1074 226 1
1075 778 1
1075 779 1
1076 754 1
1077 780 1
1077 781 1
1077 782 1
1078 6 1
1079 23 1
1079 123 1
1080 783 1
1081 30 1
1081 25 1
1081 16 1
1081 619 1
1082 22 1
1082 30 1
1082 372 1
1083 52 1
1084 22 1
1084 25 1
1084 372 1
1085 784 1
1085 785 1
1085 786 1
1085 787 1
1085 788 1
1086 23 1
1086 6 1
1086 49 1
1086 30 1
1086 25 1
1086 229 1
1086 52 1
1086 17 1
1087 30 1
1087 789 1
1087 25 1
1087 790 1
1087 260 1
1088 791 1
1089 387 1
1090 6 1
1090 311 1
1090 723 1
1091 723 1
1092 10 1
1093 10 1
1094 25 1
1094 792 1
1094 36 1
1094 793 1
1094 794 1
1094 486 1
1094 795 1
1094 465 1
1094 506 1
1094 796 1
1094 797 1
1094 798 1
1094 799 1
1094 800 1
1094 801 1
1094 802 1
1094 197 1
1094 564 1
1094 803 1
1094 804 1
1094 264 1
1094 805 1
1094 806 1
1095 10 1
1096 10 1
1097 807 1
1098 729 1
1099 6 1
1099 449 1
1099 30 1
1099 25 1
1099 36 1
1099 248 1
1099 143 1
1099 543 1
1099 251 1
1100 6 1
1100 25 1
1101 6 1
1102 25 1
1102 481 1
1102 808 1
1103 437 1
1104 249 1
1105 25 1
1106 809 1
1106 687 1
1106 810 1
1107 39 1
1108 6 1
1108 246 1
1109 811 1
1109 25 1
1109 506 1
1110 812 1
1111 619 1
1112 813 1
1112 36 1
1112 60 1
1113 475 1
1113 814 1
1114 773 1
1115 30 1
1115 16 1
1116 30 1
1116 25 1
1117 25 1
1117 815 1
1118 816 1
1118 817 1
1118 818 1
1119 25 1
1119 16 1
1120 16 1
1121 21 1
1121 156 1
1121 16 1
1121 819 1
1121 820 1
1121 821 1
1122 103 1
1122 117 1
1122 534 1
1122 672 1
1122 822 1
1123 823 1
1124 30 1
1124 729 1
1125 3 1
1126 103 1
1126 6 1
1127 824 1
1128 21 1
1128 30 1
1128 25 1
1128 523 1
1128 825 1
1128 143 1
1129 439 1
1130 723 1
1131 11 1
1132 21 1
1133 6 1
1133 30 1
1134 21 1
1134 30 1
1135 6 1
1135 73 1
1135 826 1
1135 288 1
1136 225 1
1137 752 1
1138 6 1
1138 117 1
1138 229 1
1138 623 1
1138 136 1
1138 746 1
1139 6 1
1139 136 1
1140 30 1
1140 789 1
1140 36 1
1140 827 1
1141 486 1
1141 828 1
1141 593 1
1142 6 1
1143 578 1
1143 619 1
1144 6 1
1145 21 1
1145 30 1
1145 25 1
1145 123 1
1145 829 1
1145 830 1
1145 831 1
1145 832 1
1145 17 1
1145 372 1
1145 833 1
1145 834 1
1145 835 1
1145 836 1
1146 156 1
1146 837 1
1147 508 1
1148 838 1
1149 158 1
1149 839 1
1149 7 1
1149 840 1
1149 841 1
1149 842 1
1149 843 1
1149 844 1
1149 845 1
1149 846 1
1150 25 1
1151 6 1
1151 21 1
1151 25 1
1151 244 1
1151 229 1
1151 323 1
1151 832 1
1151 638 1
1151 847 1
1151 729 1
1152 812 1
1153 31 1
1153 848 1
1153 558 1
1153 684 1
1153 706 1
1153 759 1
1153 849 1
1154 21 1
1155 249 1
1155 789 1
1155 493 1
1155 372 1
1155 850 1
1155 851 1
1156 6 1
1156 852 1
1157 6 1
1157 60 1
1157 16 1
1157 151 1
1158 17 1
1159 6 1
1159 73 1
1159 151 1
1159 853 1
1160 376 1
1161 23 1
1161 21 1
1161 854 1
1162 127 1
1162 6 1
1162 855 1
1163 96 1
1164 23 1
1164 127 1
1164 352 1
1165 6 1
1165 325 1
1165 409 1
1166 30 1
1166 226 1
1167 409 1
1168 21 1
1168 8 1
1168 856 1
1169 25 1
1170 156 1
1170 84 1
1171 857 1
1172 30 1
1172 25 1
1173 364 1
1173 31 1
1173 558 1
1173 816 1
1173 858 1
1173 859 1
1173 756 1
1173 52 1
1173 759 1
1173 51 1
1173 147 1
1174 236 1
1174 860 1
1174 861 1
1175 812 1
1176 812 1
1177 242 1
1178 812 1
1179 22 1
1179 286 1
1179 271 1
1180 6 1
1180 74 1
1180 73 1
1181 25 1
1181 687 1
1181 638 1
1181 488 1
1182 17 1
1182 290 1
1183 789 1
1183 25 1
1184 63 1
1185 21 1
1185 8 1
1186 862 1
1186 638 1
1187 21 1
1188 481 1
1189 251 1
1190 271 1
1190 25 1
1190 706 1
1190 863 1
1190 93 1
1190 222 1
1190 372 1
1190 864 1
1190 335 1
1191 103 1
1191 6 1
1191 25 1
1191 698 1
1192 6 1
1193 735 1
1193 30 1
1194 292 1
1194 293 1
1194 865 1
1194 172 1
1194 866 1
1195 6 1
1195 25 1
1195 151 1
1195 826 1
1195 136 1
1195 473 1
1196 23 1
1196 21 1
1196 30 1
1196 25 1
1197 21 1
1198 82 1
1198 123 1
1198 867 1
1199 868 1
1200 323 1
1200 165 1
1201 286 1
1201 6 1
1201 21 1
1201 25 1
1201 155 1
1201 869 1
1201 698 1
1202 870 1
1202 599 1
1203 16 1
1204 30 1
1204 25 1
1205 6 1
1205 308 1
1205 248 1
1205 871 1
1206 6 1
1206 872 1
1206 249 1
1206 597 1
1206 759 1
1206 136 1
1206 372 1
1206 698 1
1206 873 1
1207 25 1
1208 6 1
1208 25 1
1208 39 1
1209 6 1
1209 74 1
1209 73 1
1210 874 1
1211 6 1
1211 558 1
1211 39 1
1211 602 1
1211 308 1
1211 151 1
1211 409 1
1211 759 1
1212 481 1
1213 439 1
1214 6 1
1214 623 1
1214 136 1
1215 875 1
1216 21 1
1217 21 1
1218 21 1
1219 6 1
1219 151 1
1219 876 1
1220 226 1
1221 16 1
1221 619 1
1221 110 1
1222 877 1
1223 6 1
1224 6 1
1224 372 1
1225 25 1
1226 25 1
1227 286 1
1227 127 1
1227 21 1
1227 249 1
1227 25 1
1227 165 1
1228 30 1
1228 372 1
1228 698 1
1228 878 1
1229 346 1
1230 0 1
1230 879 1
1231 880 1
1231 881 1
1232 144 1
1233 882 1
1233 351 1
1234 30 1
1234 883 1
1234 25 1
1234 793 1
1234 465 1
1234 884 1
1234 52 1
1234 796 1
1234 885 1
1235 6 1
1235 156 1
1235 82 1
1235 30 1
1235 84 1
1235 372 1
1236 23 1
1236 6 1
1236 21 1
1236 30 1
1236 25 1
1236 17 1
1237 23 1
1237 17 1
1237 556 1
1238 882 1
1239 886 1
1240 723 1
1241 363 1
1241 249 1
1241 718 1
1241 51 1
1241 147 1
1242 6 1
1242 481 1
1242 887 1
1242 268 1
1242 151 1
1242 52 1
1242 149 1
1242 876 1
1243 337 1
1244 888 1
1245 6 1
1245 886 1
1246 16 1
1247 49 1
1247 481 1
1247 698 1
1248 25 1
1248 123 1
1249 874 1
1249 508 1
1249 889 1
1250 6 1
1250 30 1
1250 25 1
1250 613 1
1251 455 1
1252 830 1
1252 165 1
1252 94 1
1252 672 1
1252 890 1
1253 30 1
1254 21 1
1254 156 1
1255 23 1
1255 891 1
1256 22 1
1256 490 1
1256 892 1
1256 893 1
1256 260 1
1256 894 1
1257 6 1
1257 876 1
1257 529 1
1258 249 1
1258 789 1
1258 25 1
1258 895 1
1259 30 1
1259 789 1
1259 388 1
1259 16 1
1259 343 1
1259 895 1
1259 864 1
1260 23 1
1260 21 1
1260 896 1
1260 897 1
1260 460 1
1260 898 1
1260 899 1
1260 829 1
1260 900 1
1260 17 1
1260 901 1
1260 227 1
1260 902 1
1261 6 1
1261 25 1
1261 903 1
1261 904 1
1262 30 1
1262 16 1
1262 343 1
1262 110 1
1263 23 1
1263 431 1
1263 6 1
1263 21 1
1263 25 1
1263 229 1
1263 481 1
1263 123 1
1263 94 1
1263 136 1
1263 905 1
1264 874 1
1265 25 1
1265 94 1
1265 149 1
1266 22 1
1266 360 1
1267 906 1
1267 68 1
1268 875 1
1269 6 1
1269 907 1
1269 908 1
1270 906 1
1271 909 1
1272 308 1
1272 751 1
1273 699 1
1273 910 1
1274 21 1
1274 249 1
1274 460 1
1274 463 1
1274 911 1
1274 547 1
1274 912 1
1274 564 1
1275 465 1
1275 803 1
1276 913 1
1276 6 1
1276 30 1
1276 486 1
1276 397 1
1276 372 1
1277 161 1
1278 127 1
1278 21 1
1278 156 1
1278 82 1
1278 25 1
1278 558 1
1279 914 1
1280 30 1
1281 52 1
1281 619 1
1281 593 1
1282 915 1
1283 30 1
1283 916 1
1283 36 1
1283 917 1
1283 52 1
1284 400 1
1285 249 1
1285 864 1
1286 23 1
1286 165 1
1287 6 1
1287 918 1
1288 6 1
1289 6 1
1289 155 1
1289 39 1
1289 321 1
1290 6 1
1290 21 1
1290 30 1
1291 144 1
1292 6 1
1292 529 1
1293 919 1
1294 177 1
1294 30 1
1294 25 1
1294 328 1
1294 455 1
1295 881 1
1296 915 1
1296 30 1
1296 79 1
1296 52 1
1296 759 1
1297 523 1
1298 874 1
1299 6 1
1299 920 1
1300 25 1
1301 30 1
1301 300 1
1302 812 1
1303 6 1
1304 619 1
1304 921 1
1305 922 1
1306 271 1
1307 256 1
1308 23 1
1308 338 1
1308 74 1
1308 30 1
1308 488 1
1309 0 1
1309 923 1
1311 42 1
1312 127 1
1312 21 1
1312 165 1
1313 6 1
1313 308 1
1313 924 1
1313 409 1
1313 149 1
1313 889 1
1314 753 1
1314 751 1
1315 925 1
1316 6 1
1317 80 1
1317 761 1
1317 775 1
1317 926 1
1317 927 1
1317 928 1
1317 929 1
1317 930 1
1317 931 1
1317 652 1
1318 21 1
1318 25 1
1318 925 1
1319 6 1
1320 23 1
1320 25 1
1320 372 1
1321 6 1
1322 6 1
1322 244 1
1322 325 1
1322 151 1
1323 188 1
1323 858 1
1323 308 1
1323 529 1
1324 16 1
1324 932 1
1325 323 1
1325 165 1
1326 933 1
1327 458 1
1328 21 1
1328 934 1
1328 935 1
1328 165 1
1329 21 1
1329 30 1
1329 25 1
1329 165 1
1330 25 1
1330 325 1
1330 308 1
1331 17 1
1332 36 1
1332 874 1
1332 52 1
1333 23 1
1333 21 1
1333 25 1
1334 21 1
1334 156 1
1334 82 1
1334 83 1
1334 729 1
1335 6 1
1335 25 1
1335 372 1
1336 6 1
1336 886 1
1337 6 1
1338 6 1
1339 16 1
1339 619 1
1339 936 1
1341 21 1
1341 156 1
1341 819 1
1342 30 1
1342 52 1
1343 21 1
1343 352 1
1343 155 1
1343 323 1
1343 707 1
1344 30 1
1345 6 1
1346 937 1
1347 751 1
1348 16 1
1348 938 1
1348 59 1
1349 164 1
1349 939 1
1349 165 1
1350 21 1
1351 52 1
1352 164 1
1352 939 1
1352 165 1
1353 812 1
1354 164 1
1354 939 1
1354 165 1
1355 801 1
1355 940 1
1356 751 1
1357 941 1
1358 942 1
1359 6 1
1359 52 1
1360 16 1
1360 619 1
1360 943 1
1361 598 1
1362 25 1
1362 346 1
1363 17 1
1364 79 1
1364 944 1
1365 6 1
1365 136 1
1366 21 1
1366 30 1
1366 25 1
1366 437 1
1366 17 1
1366 640 1
1366 372 1
1366 698 1
1366 143 1
1366 251 1
1367 6 1
1367 945 1
1368 6 1
1368 74 1
1368 136 1
1368 698 1
1369 144 1
1370 6 1
1370 229 1
1370 144 1
1370 123 1
1371 156 1
1371 946 1
1372 144 1
1373 947 1
1374 103 1
1375 294 1
1376 948 1
1377 84 1
1377 949 1
1377 400 1
1378 6 1
1378 950 1
1379 21 1
1379 156 1
1380 6 1
1380 951 1
1381 437 1
1381 161 1
1381 837 1
1382 21 1
1383 684 1
1384 25 1
1385 859 1
1385 343 1
1385 400 1
1386 23 1
1386 30 1
1386 556 1
1387 21 1
1387 123 1
1388 59 1
1388 753 1
1389 156 1
1389 84 1
1390 161 1
1391 952 1
1391 953 1
1392 6 1
1392 30 1
1392 25 1
1392 39 1
1393 21 1
1393 437 1
1394 6 1
1395 400 1
1396 277 1
1396 156 1
1396 82 1
1396 123 1
1396 83 1
1396 954 1
1396 745 1
1396 752 1
1396 372 1
1397 161 1
1398 955 1
1399 290 1
1400 956 1
1401 6 1
1401 25 1
1402 123 1
1402 83 1
1402 600 1
1402 84 1
1402 957 1
1403 25 1
1404 165 1
1405 16 1
1405 42 1
1406 16 1
1406 42 1
1407 30 1
1407 172 1
1408 156 1
1409 17 1
1410 6 1
1410 958 1
1410 959 1
1410 960 1
1411 622 1
1412 25 1
1413 753 1
1414 165 1
1415 23 1
1416 23 1
1416 6 1
1416 21 1
1416 30 1
1416 25 1
1417 751 1
1418 161 1
1418 961 1
1419 6 1
1419 409 1
1420 268 1
1421 917 1
1421 962 1
1422 716 1
1423 963 1
1423 964 1
1423 965 1
1423 966 1
1424 63 1
1424 8 1
1425 127 1
1425 30 1
1425 967 1
1425 869 1
1426 83 1
1426 400 1
1427 123 1
1428 968 1
1428 969 1
1429 567 1
1430 970 1
1431 25 1
1432 30 1
1433 36 1
1434 6 1
1434 324 1
1434 648 1
1434 0 1
1434 421 1
1434 971 1
1435 25 1
1435 79 1
1435 687 1
1435 698 1
1436 42 1
1436 15 1
1437 21 1
1438 6 1
1438 52 1
1439 23 1
1439 156 1
1439 30 1
1439 729 1
1440 773 1
1441 6 1
1442 144 1
1443 21 1
1443 156 1
1443 84 1
1444 6 1
1445 144 1
1446 400 1
1447 400 1
1448 144 1
1449 972 1
1450 925 1
1451 52 1
1452 973 1
1453 52 1
1454 21 1
1454 25 1
1454 825 1
1455 25 1
1456 21 1
1456 161 1
1456 974 1
1456 698 1
1456 227 1
1457 39 1
1458 869 1
1459 508 1
1460 22 1
1460 490 1
1460 491 1
1460 360 1
1460 695 1
1460 492 1
1461 975 1
1462 958 1
1462 959 1
1463 6 1
1464 338 1
1464 6 1
1464 25 1
1464 976 1
1464 974 1
1465 977 1
1465 978 1
1466 6 1
1467 6 1
1467 229 1
1467 52 1
1468 6 1
1468 409 1
1469 23 1
1469 338 1
1469 21 1
1469 31 1
1469 244 1
1469 816 1
1469 706 1
1469 220 1
1469 817 1
1470 757 1
1470 287 1
1472 16 1
1473 30 1
1473 25 1
1474 25 1
1475 83 1
1475 752 1
1475 400 1
1476 21 1
1476 567 1
1477 30 1
1477 25 1
1477 16 1
1477 619 1
1478 6 1
1478 979 1
1478 980 1
1479 25 1
1479 639 1
1480 21 1
1480 308 1
1481 6 1
1481 25 1
1481 640 1
1481 143 1
1482 981 1
1483 982 1
1484 117 1
1485 6 1
1485 144 1
1486 25 1
1486 16 1
1486 619 1
1487 465 1
1487 9 1
1488 23 1
1488 6 1
1488 21 1
1488 25 1
1489 25 1
1490 25 1
1490 52 1
1491 481 1
1492 983 1
1493 30 1
1494 284 1
1495 984 1
1495 25 1
1495 36 1
1495 698 1
1495 143 1
1496 6 1
1496 985 1
1497 25 1
1498 286 1
1498 695 1
1499 986 1
1500 6 1
1500 325 1
1500 406 1
1501 21 1
1501 30 1
1501 377 1
1501 372 1
1501 982 1
1501 987 1
1502 21 1
1502 819 1
1502 8 1
1503 30 1
1503 25 1
1503 52 1
1503 17 1
1504 986 1
1505 151 1
1506 120 1
1507 23 1
1507 6 1
1507 21 1
1507 325 1
1507 15 1
1507 136 1
1507 988 1
1507 630 1
1507 528 1
1508 6 1
1508 249 1
1508 308 1
1508 599 1
1509 989 1
1510 6 1
1510 21 1
1510 229 1
1510 599 1
1510 623 1
1510 149 1
1510 136 1
1510 990 1
1510 529 1
1511 25 1
1511 17 1
1511 290 1
1512 438 1
1513 17 1
1514 991 1
1514 230 1
1514 165 1
1514 639 1
1515 6 1
1515 992 1
1515 0 1
1515 826 1
1515 136 1
1515 473 1
1516 6 1
1516 599 1
1517 21 1
1517 30 1
1517 372 1
1518 789 1
1518 16 1
1518 895 1
1518 993 1
1518 891 1
1519 6 1
1519 144 1
1520 6 1
1520 994 1
1521 6 1
1521 308 1
1521 52 1
1522 481 1
1522 63 1
1522 8 1
1523 431 1
1523 156 1
1523 30 1
1523 25 1
1523 995 1
1523 996 1
1523 997 1
1523 165 1
1523 52 1
1523 451 1
1523 826 1
1523 149 1
1523 998 1
1523 999 1
1523 1000 1
1523 1001 1
1524 30 1
1525 1002 1
1526 981 1
1527 981 1
1528 1003 1
1529 6 1
1529 30 1
1529 448 1
1530 291 1
1530 22 1
1531 6 1
1532 819 1
1533 6 1
1534 364 1
1535 21 1
1535 161 1
1535 84 1
1535 310 1
1536 907 1
1537 6 1
1537 635 1
1538 16 1
1539 156 1
1539 1004 1
1539 310 1
1540 21 1
1540 30 1
1540 25 1
1540 421 1
1540 60 1
1541 6 1
1542 6 1
1543 25 1
1544 30 1
1544 25 1
1545 30 1
1546 30 1
1547 23 1
1547 103 1
1547 156 1
1547 578 1
1547 25 1
1547 1005 1
1547 994 1
1547 907 1
1547 149 1
1547 1006 1
1548 956 1
1549 1007 1
1550 308 1
1551 780 1
1551 781 1
1551 782 1
1552 156 1
1552 21 1
1553 944 1
1553 1008 1
1553 1009 1
1554 16 1
1554 619 1
1555 16 1
1555 619 1
1556 16 1
1557 236 1
1557 74 1
1557 355 1
1557 1010 1
1557 257 1
1557 143 1
1557 1011 1
1558 16 1
1558 343 1
1559 16 1
1559 687 1
1560 23 1
1560 748 1
1560 21 1
1560 25 1
1560 523 1
1561 1012 1
1562 21 1
1562 156 1
1563 30 1
1563 36 1
1564 16 1
1564 619 1
1565 363 1
1565 16 1
1566 338 1
1566 1013 1
1566 1014 1
1566 752 1
1566 1015 1
1567 508 1
1568 23 1
1568 21 1
1568 25 1
1568 17 1
1569 16 1
1569 619 1
1570 286 1
1570 30 1
1571 21 1
1571 156 1
1572 22 1
1572 21 1
1572 63 1
1572 1016 1
1572 226 1
1572 8 1
1573 21 1
1573 227 1
1573 460 1
1573 161 1
1573 22 1
1574 22 1
1574 25 1
1574 1017 1
1574 1018 1
1575 6 1
1576 981 1
1577 6 1
1577 908 1
1578 6 1
1578 30 1
1578 284 1
1579 421 1
1579 688 1
1579 1019 1
1580 454 1
1581 25 1
1581 638 1
1582 695 1
1583 6 1
1583 25 1
1584 6 1
1584 21 1
1585 763 1
1586 64 1
1586 819 1
1587 6 1
1587 30 1
1587 916 1
1587 25 1
1587 598 1
1588 6 1
1589 286 1
1589 1020 1
1589 222 1
1589 335 1
1589 1021 1
1590 6 1
1591 6 1
1592 30 1
1592 25 1
1593 30 1
1593 52 1
1593 885 1
1593 1022 1
1594 6 1
1595 454 1
1596 30 1
1596 52 1
1596 885 1
1597 30 1
1597 25 1
1598 249 1
1599 103 1
1599 6 1
1601 6 1
1602 25 1
1602 0 1
1602 52 1
1603 465 1
1604 819 1
1604 1023 1
1605 25 1
1606 283 1
1606 25 1
1606 328 1
1606 1024 1
1607 6 1
1607 151 1
1608 16 1
1608 619 1
1608 687 1
1609 819 1
1610 1025 1
1611 30 1
1611 25 1
1611 36 1
1611 534 1
1612 6 1
1612 117 1
1612 144 1
1612 859 1
1612 151 1
1612 52 1
1612 473 1
1612 1026 1
1612 737 1
1613 991 1
1613 1027 1
1613 30 1
1613 25 1
1614 364 1
1614 31 1
1614 706 1
1614 759 1
1614 147 1
1615 944 1
1615 1008 1
1615 1009 1
1615 1028 1
1616 22 1
1616 6 1
1616 21 1
1616 30 1
1616 25 1
1616 36 1
1616 165 1
1616 52 1
1616 907 1
1616 1029 1
1617 23 1
1618 16 1
1618 619 1
1619 23 1
1619 80 1
1619 6 1
1619 30 1
1619 25 1
1619 244 1
1619 229 1
1619 829 1
1619 52 1
1619 17 1
1619 1030 1
1620 68 1
1620 17 1
1621 308 1
1621 16 1
1622 30 1
1622 25 1
1622 16 1
1622 619 1
1622 687 1
1623 454 1
1624 30 1
1624 25 1
1624 16 1
1624 619 1
1625 6 1
1626 16 1
1627 22 1
1627 30 1
1627 64 1
1628 16 1
1629 6 1
1629 25 1
1629 602 1
1629 308 1
1630 23 1
1630 6 1
1630 123 1
1631 6 1
1632 363 1
1632 811 1
1632 816 1
1632 51 1
1633 0 1
1633 52 1
1634 16 1
1635 22 1
1635 286 1
1635 21 1
1635 271 1
1635 1031 1
1635 1032 1
1635 694 1
1635 1033 1
1635 1034 1
1635 360 1
1635 1035 1
1636 6 1
1637 310 1
1638 16 1
1638 619 1
1639 694 1
1640 16 1
1640 619 1
1640 687 1
1641 16 1
1642 621 1
1643 127 1
1643 21 1
1643 1036 1
1644 16 1
1644 619 1
1645 286 1
1645 695 1
1645 974 1
1646 16 1
1646 619 1
1647 30 1
1647 25 1
1647 52 1
1648 127 1
1648 164 1
1648 1037 1
1648 165 1
1648 62 1
1648 834 1
1649 364 1
1649 16 1
1650 0 1
1650 16 1
1650 553 1
1651 30 1
1651 16 1
1651 619 1
1652 25 1
1652 1038 1
1653 156 1
1653 82 1
1653 25 1
1653 84 1
1653 372 1
1653 698 1
1654 1039 1
1654 454 1
1655 298 1
1655 1040 1
1656 6 1
1657 188 1
1657 308 1
1658 6 1
1659 6 1
1659 0 1
1660 16 1
1660 619 1
1661 1041 1
1661 1042 1
1661 593 1
1662 23 1
1662 6 1
1662 30 1
1662 25 1
1662 60 1
1662 451 1
1663 16 1
1664 308 1
1664 759 1
1665 21 1
1665 82 1
1665 161 1
1666 6 1
1666 151 1
1667 907 1
1667 908 1
1668 6 1
1668 1043 1
1669 908 1
1670 30 1
1670 16 1
1670 619 1
1671 52 1
1672 236 1
1672 127 1
1672 30 1
1672 25 1
1672 437 1
1672 220 1
1673 6 1
1674 1044 1
1675 1045 1
1676 80 1
1676 6 1
1676 30 1
1676 79 1
1676 149 1
1677 944 1
1678 16 1
1678 619 1
1679 1044 1
1680 23 1
1680 21 1
1680 896 1
1680 897 1
1680 460 1
1680 899 1
1680 829 1
1680 1046 1
1680 900 1
1680 17 1
1680 227 1
1681 16 1
1681 619 1
1682 6 1
1682 30 1
1683 23 1
1683 748 1
1683 21 1
1683 156 1
1683 25 1
1683 792 1
1683 460 1
1683 437 1
1683 523 1
1683 465 1
1683 52 1
1683 796 1
1683 1047 1
1683 798 1
1683 1048 1
1683 1030 1
1683 802 1
1684 6 1
1684 421 1
1684 809 1
1684 149 1
1684 876 1
1685 16 1
1686 585 1
1686 16 1
1687 16 1
1688 30 1
1688 308 1
1688 16 1
1689 23 1
1689 6 1
1689 229 1
1690 22 1
1690 1049 1
1691 1050 1
1692 63 1
1693 6 1
1693 30 1
1693 1051 1
1693 372 1
1694 52 1
1695 22 1
1695 830 1
1695 343 1
1695 687 1
1695 698 1
1696 52 1
1697 6 1
1697 25 1
1698 51 1
1698 1052 1
1699 1053 1
1700 16 1
1701 30 1
1701 308 1
1701 372 1
1702 25 1
1702 68 1
1702 16 1
1702 619 1
1703 248 1
1703 507 1
1704 30 1
1704 25 1
1704 60 1
1704 506 1
1704 1054 1
1704 507 1
1704 372 1
1705 970 1
1706 25 1
1706 1055 1
1706 308 1
1707 621 1
1707 172 1
1708 25 1
1708 57 1
1708 1056 1
1709 1057 1
1710 935 1
1711 39 1
1711 308 1
1711 751 1
1712 493 1
1712 17 1
1713 310 1
1714 751 1
1715 25 1
1716 30 1
1716 25 1
1716 16 1
1716 619 1
1717 439 1
1718 30 1
1718 25 1
1720 16 1
1720 110 1
1721 16 1
1721 619 1
1722 1058 1
1722 8 1
1723 22 1
1723 156 1
1723 74 1
1723 30 1
1723 545 1
1723 45 1
1723 350 1
1723 248 1
1723 756 1
1723 1059 1
1723 867 1
1723 64 1
1723 568 1
1723 698 1
1723 1060 1
1724 16 1
1724 619 1
1725 1042 1
1726 759 1
1726 51 1
1727 363 1
1727 16 1
1727 619 1
1728 25 1
1728 16 1
1728 619 1
1730 16 1
1730 619 1
1731 6 1
1732 16 1
1733 16 1
1733 619 1
1734 298 1
1734 1040 1
1735 16 1
1735 619 1
1736 944 1
1737 16 1
1737 619 1
1738 363 1
1738 16 1
1738 619 1
1739 944 1
1740 16 1
1741 16 1
1742 249 1
1742 864 1
1743 94 1
1743 1061 1
1744 16 1
1745 16 1
1746 16 1
1747 21 1
1747 30 1
1747 25 1
1748 308 1
1748 16 1
1749 30 1
1750 598 1
1751 16 1
1752 16 1
1753 16 1
1754 16 1
1754 619 1
1754 687 1
1755 16 1
1756 16 1
1757 308 1
1757 16 1
1757 619 1
1758 16 1
1759 16 1
1759 619 1
1760 16 1
1761 30 1
1761 25 1
1761 16 1
1761 619 1
1762 16 1
1762 619 1
1763 16 1
1763 619 1
1764 16 1
1764 619 1
1765 16 1
1765 619 1
1766 16 1
1766 619 1
1767 796 1
1768 308 1
1768 16 1
1769 308 1
1769 16 1
1769 619 1
1770 6 1
1770 143 1
1771 6 1
1771 25 1
1772 30 1
1772 25 1
1773 0 1
1774 30 1
1774 25 1
1774 16 1
1774 619 1
1775 16 1
1775 619 1
1776 16 1
1776 619 1
1777 951 1
1778 16 1
1778 619 1
1779 16 1
1780 6 1
1780 511 1
1780 599 1
1780 136 1
1781 6 1
1781 998 1
1781 358 1
1782 1062 1
1783 16 1
1784 1063 1
1785 1064 1
1786 16 1
1787 22 1
1787 286 1
1788 6 1
1789 25 1
1789 60 1
1789 1065 1
1790 21 1
1791 30 1
1791 25 1
1791 16 1
1791 619 1
1792 16 1
1792 619 1
1793 811 1
1793 944 1
1794 6 1
1794 39 1
1794 534 1
1795 6 1
1796 30 1
1796 308 1
1796 16 1
1797 156 1
1798 16 1
1798 687 1
1799 30 1
1799 16 1
1800 16 1
1801 30 1
1801 16 1
1801 619 1
1802 80 1
1802 291 1
1802 22 1
1802 286 1
1802 984 1
1802 664 1
1802 761 1
1802 294 1
1802 1066 1
1802 292 1
1802 293 1
1802 361 1
1802 865 1
1802 666 1
1802 172 1
1802 1067 1
1802 1068 1
1802 667 1
1802 1069 1
1802 1070 1
1802 1071 1
1803 25 1
1804 156 1
1804 117 1
1804 40 1
1805 21 1
1806 22 1
1807 992 1
1807 0 1
1807 16 1
1807 149 1
1808 25 1
1808 1072 1
1809 21 1
1809 30 1
1810 23 1
1810 6 1
1810 21 1
1810 25 1
1810 52 1
1811 437 1
1812 428 1
1813 837 1
1814 6 1
1815 103 1
1815 1073 1
1815 534 1
1815 96 1
1815 1074 1
1815 572 1
1815 672 1
1815 822 1
1816 6 1
1816 151 1
1816 599 1
1817 16 1
1817 619 1
1818 913 1
1818 431 1
1818 6 1
1818 486 1
1818 397 1
1818 372 1
1819 16 1
1819 619 1
1820 22 1
1820 364 1
1820 1075 1
1820 284 1
1821 79 1
1821 462 1
1821 16 1
1821 343 1
1821 395 1
1821 619 1
1821 766 1
1821 1076 1
1821 110 1
1821 651 1
1822 30 1
1822 16 1
1823 16 1
1823 619 1
1824 16 1
1825 16 1
1826 6 1
1826 30 1
1826 372 1
1827 16 1
1828 16 1
1829 6 1
1829 308 1
1829 16 1
1830 308 1
1830 16 1
1830 619 1
1831 308 1
1831 16 1
1832 23 1
1832 21 1
1832 25 1
1832 36 1
1832 1077 1
1832 52 1
1832 1078 1
1832 885 1
1832 759 1
1832 17 1
1832 372 1
1833 16 1
1834 16 1
1835 6 1
1835 52 1
1836 363 1
1836 16 1
1837 16 1
1837 619 1
1838 155 1
1838 481 1
1838 39 1
1839 16 1
1840 23 1
1840 236 1
1840 164 1
1840 30 1
1840 705 1
1840 248 1
1840 165 1
1840 1078 1
1841 16 1
1842 6 1
1842 151 1
1843 25 1
1844 6 1
1845 6 1
1845 39 1
1845 143 1
1846 30 1
1846 25 1
1847 16 1
1847 619 1
1849 1079 1
1849 1080 1
1850 6 1
1850 490 1
1850 308 1
1851 6 1
1851 17 1
1852 481 1
1852 1081 1
1853 531 1
1854 6 1
1854 1082 1
1855 39 1
1855 751 1
1856 6 1
1856 25 1
1856 17 1
1857 6 1
1857 1082 1
1858 1083 1
1859 30 1
1859 16 1
1860 6 1
1860 30 1
1861 103 1
1861 36 1
1862 16 1
1862 619 1
1863 16 1
1863 619 1
1864 16 1
1864 619 1
1865 249 1
1865 30 1
1865 789 1
1866 1084 1
1867 1085 1
1868 338 1
1868 1086 1
1868 874 1
1869 1087 1
1870 52 1
1871 25 1
1871 602 1
1871 60 1
1871 343 1
1871 619 1
1872 84 1
1873 576 1
1874 25 1
1875 156 1
1875 84 1
1876 576 1
1877 94 1
1877 672 1
1877 1088 1
1877 673 1
1878 6 1
1879 25 1
1880 6 1
1880 73 1
1880 1089 1
1880 826 1
1881 25 1
1881 154 1
1881 1090 1
1882 6 1
1882 876 1
1883 277 1
1883 951 1
1884 6 1
1884 30 1
1885 454 1
1886 21 1
1886 156 1
1886 82 1
1886 155 1
1886 481 1
1886 83 1
1886 745 1
1886 84 1
1887 30 1
1887 25 1
1887 16 1
1887 619 1
1888 454 1
1889 25 1
1890 249 1
1890 620 1
1890 51 1
1890 1091 1
1891 16 1
1891 619 1
1892 337 1
1893 16 1
1893 619 1
1894 16 1
1894 619 1
1895 6 1
1895 94 1
1895 869 1
1896 25 1
1897 6 1
1897 25 1
1898 30 1
1899 292 1
1899 621 1
1900 22 1
1900 21 1
1900 249 1
1900 30 1
1900 789 1
1900 25 1
1900 79 1
1900 1092 1
1900 1093 1
1901 16 1
1902 1094 1
1903 6 1
1903 1095 1
1904 94 1
1904 672 1
1904 1088 1
1904 673 1
1904 1096 1
1905 25 1
1905 16 1
1906 23 1
1907 30 1
1907 191 1
1908 16 1
1908 94 1
1909 39 1
1909 688 1
1909 190 1
1910 21 1
1910 64 1
1911 25 1
1911 763 1
1912 1097 1
1913 6 1
1913 531 1
1913 30 1
1914 6 1
1915 1098 1
1915 1099 1
1916 161 1
1916 687 1
1916 994 1
1917 1100 1
1918 6 1
1918 638 1
1919 1101 1
1920 6 1
1920 30 1
1921 6 1
1921 25 1
1921 602 1
1922 16 1
1923 6 1
1923 25 1
1923 79 1
1923 16 1
1923 619 1
1923 1102 1
1924 16 1
1924 619 1
1925 25 1
1925 1103 1
1926 60 1
1926 1104 1
1926 52 1
1926 57 1
1927 1105 1
1928 481 1
1928 154 1
1929 748 1
1929 6 1
1929 328 1
1929 534 1
1929 63 1
1929 523 1
1929 329 1
1929 151 1
1929 583 1
1929 1106 1
1930 25 1
1930 1107 1
1931 10 1
1932 16 1
1933 308 1
1933 16 1
1933 619 1
1934 25 1
1934 16 1
1934 619 1
1934 136 1
1935 30 1
1935 986 1
1936 25 1
1936 1058 1
1937 16 1
1937 619 1
1938 0 1
1938 907 1
1938 908 1
1939 352 1
1940 16 1
1941 30 1
1941 99 1
1941 753 1
1941 751 1
1942 6 1
1942 249 1
1942 602 1
1942 409 1
1942 599 1
1943 6 1
1944 6 1
1944 151 1
1944 409 1
1944 136 1
1945 6 1
1946 25 1
1946 294 1
1946 506 1
1947 1108 1
1948 286 1
1948 694 1
1948 1035 1
1949 6 1
1949 21 1
1949 74 1
1949 73 1
1950 16 1
1951 6 1
1951 52 1
1952 6 1
1952 30 1
1952 25 1
1953 103 1
1953 6 1
1953 25 1
1954 30 1
1954 1109 1
1955 1110 1
1956 1109 1
1957 308 1
1957 16 1
1957 619 1
1958 388 1
1958 450 1
1958 1111 1
1959 16 1
1960 619 1
1960 1107 1
1961 23 1
1961 338 1
1961 748 1
1961 286 1
1961 21 1
1961 156 1
1961 188 1
1961 31 1
1961 25 1
1961 0 1
1961 460 1
1961 36 1
1961 437 1
1961 1112 1
1961 161 1
1961 60 1
1961 1113 1
1961 16 1
1961 1114 1
1961 1115 1
1961 40 1
1961 366 1
1961 52 1
1961 619 1
1961 51 1
1961 17 1
1961 1048 1
1961 367 1
1961 1116 1
1961 801 1
1961 1060 1
1961 609 1
1961 1117 1
1961 178 1
1961 368 1
1961 1118 1
1961 1119 1
1962 39 1
1962 372 1
1963 155 1
1963 154 1
1963 1120 1
1963 939 1
1963 238 1
1963 1121 1
1963 1122 1
1964 944 1
1965 294 1
1965 1123 1
1966 271 1
1966 694 1
1966 165 1
1967 1124 1
1967 815 1
1968 944 1
1969 25 1
1969 951 1
1970 30 1
1970 25 1
1971 22 1
1972 25 1
1973 1125 1
1974 156 1
1974 84 1
1975 80 1
1975 951 1
1976 23 1
1976 951 1
1977 1126 1
1978 6 1
1978 39 1
1978 599 1
1979 10 1
1979 16 1
1980 684 1
1980 1052 1
1981 6 1
1981 421 1
1981 598 1
1982 701 1
1983 49 1
1984 127 1
1984 25 1
1985 156 1
1986 697 1
1987 156 1
1987 25 1
1987 36 1
1987 706 1
1987 52 1
1987 1078 1
1987 759 1
1987 640 1
1987 372 1
1987 638 1
1988 16 1
1988 1097 1
1989 1127 1
1990 308 1
1991 236 1
1991 30 1
1991 36 1
1991 1128 1
1991 1129 1
1991 143 1
1992 25 1
1993 6 1
1993 149 1
1993 136 1
1993 746 1
1994 12 1
1995 361 1
1996 506 1
1997 30 1
1997 25 1
1997 16 1
1997 619 1
1998 481 1
1999 156 1
1999 84 1
2000 1130 1
2000 907 1
2000 1131 1
2001 21 1
2001 156 1
2001 1132 1
2002 25 1
2003 25 1
2004 490 1
2004 73 1
2004 491 1
2004 694 1
2005 6 1
2005 1133 1
2005 73 1
2005 1134 1
2006 23 1
2006 22 1
2006 286 1
2006 127 1
2006 6 1
2006 21 1
2006 156 1
2006 352 1
2006 30 1
2006 246 1
2006 0 1
2006 421 1
2006 1135 1
2006 123 1
2006 294 1
2006 165 1
2006 971 1
2006 1136 1
2006 695 1
2007 6 1
2007 789 1
2007 25 1
2007 1137 1
2008 236 1
2008 6 1
2008 74 1
2008 244 1
2008 325 1
2008 308 1
2008 1138 1
2008 248 1
2008 151 1
2008 409 1
2008 599 1
2008 876 1
2008 136 1
2009 25 1
2009 1107 1
2010 52 1
2010 1139 1
2011 21 1
2011 60 1
2011 825 1
2012 6 1
2013 16 1
2013 619 1
2014 16 1
2014 619 1
2015 6 1
2015 21 1
2016 6 1
2016 30 1
2016 136 1
2016 372 1
2017 149 1
2017 986 1
2018 1140 1
2019 6 1
2019 122 1
2020 52 1
2021 236 1
2022 21 1
2022 25 1
2023 25 1
2024 22 1
2025 6 1
2026 364 1
2026 16 1
2027 308 1
2027 367 1
2028 52 1
2029 23 1
2029 16 1
2030 481 1
2031 236 1
2031 21 1
2031 30 1
2031 248 1
2031 165 1
2032 25 1
2032 1090 1
2033 6 1
2033 30 1
2033 25 1
2034 1141 1
2034 1142 1
2035 908 1
2036 23 1
2036 1143 1
2036 25 1
2036 1144 1
2036 461 1
2036 220 1
2036 24 1
2037 6 1
2037 308 1
2037 248 1
2037 52 1
2038 6 1
2038 21 1
2038 460 1
2039 6 1
2040 30 1
2040 84 1
2041 22 1
2041 6 1
2042 991 1
2042 30 1
2043 6 1
2043 623 1
2043 136 1
2044 323 1
2044 165 1
2045 6 1
2045 388 1
2045 0 1
2045 1111 1
2045 448 1
2046 421 1
2046 123 1
2047 39 1
2047 372 1
2048 23 1
2048 6 1
2048 74 1
2048 30 1
2049 156 1
2049 84 1
2050 6 1
2051 127 1
2051 6 1
2051 229 1
2051 136 1
2052 16 1
2053 363 1
2054 16 1
2055 703 1
2055 863 1
2055 16 1
2056 6 1
2056 151 1
2056 52 1
2057 6 1
2058 23 1
2058 6 1
2058 30 1
2058 770 1
2059 490 1
2059 491 1
2059 284 1
2060 127 1
2060 1142 1
2061 16 1
2062 1145 1
2062 1142 1
2063 23 1
2063 21 1
2063 896 1
2063 249 1
2063 30 1
2063 244 1
2063 898 1
2064 22 1
2064 74 1
2064 328 1
2064 246 1
2064 350 1
2064 248 1
2064 869 1
2065 23 1
2065 748 1
2065 156 1
2065 25 1
2065 437 1
2065 161 1
2065 465 1
2065 248 1
2065 52 1
2065 17 1
2065 1146 1
2065 1060 1
2066 25 1
2066 39 1
2067 127 1
2067 6 1
2067 1147 1
2068 6 1
2068 1142 1
2069 908 1
2070 6 1
2070 39 1
2070 602 1
2070 248 1
2070 372 1
2070 698 1
2071 123 1
2071 1142 1
2072 156 1
2072 707 1
2072 64 1
2072 284 1
2073 6 1
2073 746 1
2073 1148 1
2074 6 1
2075 161 1
2075 1149 1
2076 23 1
2076 30 1
2076 25 1
2076 460 1
2076 859 1
2076 52 1
2076 17 1
2077 17 1
2078 1087 1
2079 1150 1
2079 16 1
2079 1151 1
2080 6 1
2081 1025 1
2081 16 1
2082 25 1
2083 21 1
2083 25 1
2083 829 1
2083 1152 1
2083 831 1
2083 833 1
2083 1153 1
2084 935 1
2084 323 1
2084 165 1
2085 6 1
2085 30 1
2085 25 1
2085 251 1
2086 73 1
2087 6 1
2087 25 1
2088 30 1
2089 21 1
2089 156 1
2089 169 1
2089 867 1
2089 1154 1
2090 123 1
2091 621 1
2091 178 1
2092 481 1
2092 1081 1
2093 103 1
2093 431 1
2093 388 1
2093 450 1
2093 323 1
2093 257 1
2094 21 1
2094 30 1
2094 25 1
2094 481 1
2094 63 1
2094 884 1
2094 226 1
2094 8 1
2095 1155 1
2096 25 1
2097 789 1
2097 25 1
2097 17 1
2098 859 1
2099 448 1
2099 372 1
2100 21 1
2100 84 1
2101 6 1
2102 1025 1
2102 16 1
2103 1156 1
2103 533 1
2104 454 1
2105 481 1
2106 22 1
2106 283 1
2106 21 1
2106 30 1
2106 1157 1
2106 284 1
2107 22 1
2107 308 1
2108 944 1
2109 465 1
2110 388 1
2110 39 1
2111 6 1
2111 1158 1
2111 136 1
2112 286 1
2112 1159 1
2113 753 1
2114 6 1
2114 1160 1
2115 22 1
2116 753 1
2117 127 1
2117 6 1
2117 1161 1
2118 6 1
2118 25 1
2119 1162 1
2121 439 1
2122 22 1
2122 1163 1
2123 6 1
2123 21 1
2123 74 1
2123 73 1
2123 248 1
2123 826 1
2124 16 1
2124 619 1
2125 1050 1
2126 16 1
2127 16 1
2127 619 1
2128 16 1
2128 619 1
2128 178 1
2129 36 1
2130 103 1
2130 36 1
2130 534 1
2130 96 1
2130 1074 1
2131 748 1
2131 127 1
2131 1027 1
2131 1164 1
2131 1165 1
2131 165 1
2132 431 1
2132 6 1
2132 0 1
2132 907 1
2132 1166 1
2132 1167 1
2133 6 1
2133 311 1
2133 51 1
2133 1168 1
2134 6 1
2135 25 1
2135 1169 1
2136 22 1
2136 308 1
2136 688 1
2137 23 1
2137 21 1
2137 648 1
2137 30 1
2137 789 1
2137 25 1
2137 0 1
2137 40 1
2137 238 1
2138 6 1
2138 25 1
2139 481 1
2140 31 1
2140 30 1
2140 25 1
2140 36 1
2140 706 1
2140 759 1
2141 619 1
2142 1004 1
2142 1170 1
2143 421 1
2144 6 1
2144 648 1
2144 30 1
2144 372 1
2144 698 1
2145 1171 1
2146 1172 1
2147 1172 1
2148 74 1
2148 30 1
2148 25 1
2148 246 1
2148 36 1
2148 437 1
2148 350 1
2148 1173 1
2148 308 1
2148 1174 1
2148 248 1
2148 1004 1
2148 1175 1
2148 1078 1
2148 310 1
2148 1054 1
2148 698 1
2149 1176 1
2149 1177 1
2149 1178 1
2149 1179 1
2149 1180 1
2149 1181 1
2150 759 1
2151 16 1
2152 127 1
2152 30 1
2152 25 1
2153 30 1
2153 16 1
2153 619 1
2154 22 1
2154 30 1
2155 16 1
2155 619 1
2156 23 1
2156 6 1
2157 16 1
2157 619 1
2158 363 1
2159 308 1
2159 16 1
2159 619 1
2160 862 1
2161 16 1
2162 862 1
2163 161 1
2164 6 1
2164 74 1
2164 0 1
2165 1182 1
2166 16 1
2167 23 1
2167 30 1
2167 294 1
2168 6 1
2169 6 1
2169 25 1
2170 155 1
2170 481 1
2170 487 1
2171 602 1
2171 1183 1
2172 481 1
2173 127 1
2173 21 1
2173 248 1
2173 372 1
2173 698 1
2175 21 1
2175 30 1
2175 25 1
2175 437 1
2175 63 1
2175 884 1
2175 52 1
2175 885 1
2175 1184 1
2175 17 1
2175 1030 1
2176 439 1
2177 6 1
2177 17 1
2178 63 1
2178 8 1
2179 291 1
2179 364 1
2180 6 1
2180 73 1
2181 25 1
2182 6 1
2182 25 1
2183 16 1
2183 619 1
2184 6 1
2185 21 1
2186 16 1
2186 619 1
2187 16 1
2187 619 1
2188 16 1
2188 619 1
2189 52 1
2190 17 1
2190 1185 1
2190 1186 1
2190 1030 1
2190 1187 1
2191 23 1
2191 372 1
2192 21 1
2192 156 1
2193 23 1
2193 738 1
2193 1188 1
2193 30 1
2193 1141 1
2193 25 1
2193 1189 1
2193 1135 1
2193 223 1
2193 24 1
2193 1165 1
2193 829 1
2193 465 1
2193 506 1
2193 1190 1
2193 165 1
2193 1191 1
2193 999 1
2193 1192 1
2193 1124 1
2194 308 1
2194 798 1
2195 25 1
2195 16 1
2195 619 1
2196 277 1
2196 22 1
2196 156 1
2196 954 1
2196 152 1
2196 84 1
2197 23 1
2197 74 1
2197 248 1
2197 165 1
2197 284 1
2198 1169 1
2199 12 1
2200 82 1
2201 6 1
2201 17 1
2202 30 1
2202 25 1
2202 16 1
2202 619 1
2203 30 1
2203 25 1
2203 16 1
2203 619 1
2204 127 1
2205 16 1
2205 619 1
2206 6 1
2206 25 1
2207 481 1
2208 6 1
2208 52 1
2209 602 1
2209 165 1
2210 126 1
2211 308 1
2212 271 1
2213 246 1
2214 25 1
2214 819 1
2215 16 1
2215 619 1
2216 439 1
2217 16 1
2217 619 1
2218 6 1
2218 25 1
2218 1193 1
2218 698 1
2219 1194 1
2220 68 1
2220 308 1
2220 165 1
2220 688 1
2220 641 1
2221 1195 1
2222 6 1
2222 558 1
2222 39 1
2222 591 1
2222 248 1
2222 756 1
2222 869 1
2222 136 1
2222 698 1
2223 30 1
2224 1196 1
2224 602 1
2225 30 1
2225 161 1
2225 1197 1
2225 837 1
2225 372 1
2225 698 1
2226 21 1
2226 156 1
2226 1198 1
2227 1199 1
2227 1156 1
2227 533 1
2228 1157 1
2229 23 1
2229 346 1
2230 1170 1
2230 1200 1
2231 602 1
2231 298 1
2232 6 1
2232 25 1
2233 1134 1
2234 481 1
2235 127 1
2236 25 1
2237 16 1
2238 16 1
2238 619 1
2239 16 1
2239 619 1
2240 30 1
2240 25 1
2240 16 1
2240 619 1
2241 6 1
2241 151 1
2241 1201 1
2241 1202 1
2242 819 1
2243 23 1
2243 22 1
2243 6 1
2243 21 1
2243 156 1
2243 25 1
2243 1203 1
2244 1204 1
2245 885 1
2246 63 1
2247 80 1
2247 286 1
2247 30 1
2247 25 1
2247 39 1
2248 123 1
2249 16 1
2250 6 1
2250 308 1
2251 52 1
2252 308 1
2252 16 1
2252 619 1
2253 17 1
2253 1185 1
2253 1186 1
2253 1030 1
2253 1187 1
2254 16 1
2254 619 1
2255 6 1
2256 30 1
2256 25 1
2256 16 1
2256 619 1
2257 25 1
2258 21 1
2259 21 1
2259 30 1
2259 1205 1
2260 21 1
2260 30 1
2260 25 1
2260 967 1
2260 576 1
2260 878 1
2261 156 1
2262 25 1
2263 874 1
2264 156 1
2264 82 1
2264 30 1
2264 25 1
2264 64 1
2265 21 1
2266 16 1
2266 619 1
2267 21 1
2267 372 1
2268 30 1
2268 25 1
2268 1135 1
2268 52 1
2269 874 1
2270 6 1
2270 25 1
2271 30 1
2271 1206 1
2272 431 1
2272 6 1
2272 25 1
2272 229 1
2272 0 1
2272 1207 1
2272 325 1
2272 52 1
2272 885 1
2273 6 1
2274 23 1
2274 22 1
2274 21 1
2274 25 1
2275 6 1
2275 25 1
2276 6 1
2277 6 1
2277 1085 1
2278 1208 1
2279 123 1
2279 809 1
2279 1209 1
2279 876 1
2280 6 1
2280 52 1
2281 1210 1
2282 246 1
2282 1211 1
2283 6 1
2284 6 1
2284 757 1
2285 164 1
2285 25 1
2285 123 1
2285 165 1
2286 25 1
2286 874 1
2287 1097 1
2288 23 1
2288 22 1
2288 286 1
2288 6 1
2288 21 1
2288 156 1
2288 271 1
2288 30 1
2288 702 1
2288 328 1
2288 0 1
2288 1147 1
2288 460 1
2288 36 1
2288 323 1
2288 161 1
2288 223 1
2288 1212 1
2288 63 1
2288 1038 1
2288 523 1
2288 1213 1
2288 165 1
2288 745 1
2288 52 1
2288 1214 1
2288 1215 1
2288 826 1
2288 64 1
2288 17 1
2289 6 1
2290 6 1
2291 271 1
2292 1216 1
2292 1164 1
2293 23 1
2293 22 1
2293 21 1
2293 481 1
2293 154 1
2293 215 1
2294 22 1
2294 25 1
2294 24 1
2294 372 1
2295 1217 1
2296 22 1
2297 169 1
2298 16 1
2299 1218 1
2300 1219 1
2300 1220 1
2301 1210 1
2303 21 1
2303 156 1
2303 161 1
2304 16 1
2304 619 1
2305 1005 1
2305 1105 1
2306 6 1
2306 325 1
2307 481 1
2308 1105 1
2309 6 1
2309 21 1
2310 363 1
2310 541 1
2311 324 1
2312 1035 1
2313 6 1
2313 511 1
2314 21 1
2314 60 1
2314 825 1
2315 6 1
2315 21 1
2315 25 1
2315 481 1
2315 123 1
2315 40 1
2315 136 1
2315 372 1
2315 698 1
2316 6 1
2317 25 1
2317 829 1
2317 1152 1
2318 6 1
2319 16 1
2319 619 1
2320 490 1
2320 294 1
2321 188 1
2321 25 1
2321 308 1
2321 1221 1
2322 809 1
2323 6 1
2323 21 1
2323 74 1
2323 811 1
2323 591 1
2323 52 1
2323 619 1
2323 826 1
2323 149 1
2323 136 1
2324 809 1
2325 1218 1
2326 6 1
2326 1147 1
2328 6 1
2328 481 1
2328 136 1
2329 1222 1
2329 355 1
2329 1223 1
2330 6 1
2330 117 1
2330 998 1
2330 136 1
2330 372 1
2331 454 1
2332 30 1
2332 248 1
2332 989 1
2333 809 1
2334 236 1
2334 6 1
2334 449 1
2334 248 1
2335 6 1
2335 123 1
2336 21 1
2337 17 1
2338 23 1
2338 6 1
2338 21 1
2338 30 1
2338 229 1
2338 123 1
2339 1224 1
2339 16 1
2339 343 1
2339 687 1
2340 30 1
2340 481 1
2341 6 1
2342 6 1
2343 6 1
2344 907 1
2345 325 1
2345 1142 1
2346 6 1
2346 30 1
2346 25 1
2346 0 1
2346 52 1
2347 21 1
2347 74 1
2347 1225 1
2348 23 1
2348 6 1
2348 30 1
2348 60 1
2349 156 1
2349 84 1
2350 706 1
2350 1226 1
2351 25 1
2351 284 1
2352 16 1
2352 619 1
2353 16 1
2353 619 1
2354 6 1
2354 136 1
2355 481 1
2356 16 1
2356 619 1
2357 6 1
2358 64 1
2359 6 1
2360 16 1
2360 1227 1
2360 52 1
2361 291 1
2361 6 1
2362 283 1
2362 249 1
2362 789 1
2362 25 1
2362 895 1
2363 36 1
2364 25 1
2364 1041 1
2364 1228 1
2365 6 1
2366 30 1
2366 1229 1
2367 156 1
2367 16 1
2367 1004 1
2367 310 1
2368 388 1
2368 1230 1
2369 1097 1
2370 294 1
2371 363 1
2372 294 1
2373 1231 1
2374 16 1
2374 619 1
2375 808 1
2375 1152 1
2375 1232 1
2375 1233 1
2375 1234 1
2375 1235 1
2375 1236 1
2375 1237 1
2375 1238 1
2375 1142 1
2375 1239 1
2376 21 1
2378 16 1
2379 16 1
2380 25 1
2380 986 1
2381 22 1
2382 16 1
2382 619 1
2383 248 1
2384 21 1
2385 363 1
2386 21 1
2386 249 1
2386 30 1
2386 460 1
2386 377 1
2387 291 1
2387 1230 1
2388 23 1
2388 127 1
2388 21 1
2388 165 1
2389 1150 1
2389 25 1
2389 829 1
2389 1152 1
2389 831 1
2389 1240 1
2389 687 1
2390 6 1
2391 23 1
2391 6 1
2391 21 1
2391 25 1
2391 0 1
2391 1147 1
2391 123 1
2391 52 1
2391 885 1
2392 6 1
2393 481 1
2394 874 1
2395 84 1
2396 16 1
2396 619 1
2397 286 1
2397 1241 1
2397 895 1
2397 729 1
2397 1242 1
2398 1243 1
2399 308 1
2399 16 1
2400 21 1
2400 156 1
2400 308 1
2401 21 1
2401 156 1
2401 1244 1
2402 619 1
2403 363 1
2404 493 1
2405 6 1
2405 1245 1
2406 25 1
2406 123 1
2406 165 1
2407 25 1
2407 16 1
2407 619 1
2408 25 1
2408 294 1
2409 874 1
2410 520 1
2410 16 1
2410 619 1
2411 6 1
2412 363 1
2413 36 1
2414 25 1
2414 809 1
2415 481 1
2416 74 1
2416 169 1
2416 220 1
2416 24 1
2416 248 1
2416 284 1
2416 372 1
2417 6 1
2417 39 1
2418 22 1
2419 6 1
2419 52 1
2420 25 1
2421 30 1
2422 30 1
2424 6 1
2424 30 1
2424 25 1
2425 6 1
2426 1195 1
2427 286 1
2427 421 1
2428 6 1
2428 1142 1
2429 103 1
2429 127 1
2429 534 1
2430 117 1
2431 294 1
2432 6 1
2432 1147 1
2433 16 1
2434 271 1
2435 6 1
2436 1245 1
2437 286 1
2437 694 1
2437 294 1
2437 1097 1
2437 284 1
2438 23 1
2438 21 1
2438 735 1
2438 25 1
2438 0 1
2438 1147 1
2438 123 1
2438 52 1
2438 885 1
2439 6 1
2439 25 1
2440 271 1
2441 16 1
2441 619 1
2442 23 1
2442 21 1
2442 25 1
2442 0 1
2442 1147 1
2442 325 1
2442 123 1
2442 52 1
2442 885 1
2443 16 1
2443 619 1
2444 1027 1
2444 1164 1
2444 36 1
2444 223 1
2445 16 1
2446 16 1
2447 16 1
2447 619 1
2448 25 1
2449 25 1
2449 1090 1
2450 23 1
2450 6 1
2450 21 1
2450 25 1
2451 874 1
2451 94 1
2451 1246 1
2452 6 1
2453 363 1
2454 431 1
2454 6 1
2455 23 1
2455 21 1
2455 25 1
2455 323 1
2455 123 1
2456 21 1
2456 156 1
2456 64 1
2456 518 1
2457 16 1
2457 619 1
2458 64 1
2459 16 1
2459 619 1
2460 308 1
2460 809 1
2461 6 1
2461 1247 1
2462 286 1
2462 236 1
2462 271 1
2463 6 1
2463 21 1
2464 996 1
2465 6 1
2465 665 1
2466 6 1
2467 23 1
2467 21 1
2467 82 1
2467 154 1
2467 1248 1
2467 60 1
2467 165 1
2467 1249 1
2468 6 1
2469 286 1
2469 6 1
2469 30 1
2469 25 1
2469 481 1
2469 323 1
2469 854 1
2469 284 1
2470 1250 1
2470 308 1
2470 1243 1
2471 6 1
2472 1251 1
2473 1245 1
2474 6 1
2475 165 1
2476 16 1
2476 619 1
2477 21 1
2478 1252 1
2478 249 1
2478 30 1
2478 25 1
2478 1135 1
2478 60 1
2478 1104 1
2479 21 1
2479 82 1
2479 30 1
2479 25 1
2479 518 1
2480 872 1
2480 809 1
2480 876 1
2481 103 1
2481 6 1
2481 992 1
2481 1147 1
2482 30 1
2482 25 1
2482 16 1
2483 21 1
2483 25 1
2483 460 1
2483 862 1
2484 364 1
2484 36 1
2485 308 1
2485 619 1
2486 6 1
2487 789 1
2487 16 1
2488 52 1
2488 876 1
2489 874 1
2489 94 1
2490 79 1
2490 565 1
2490 248 1
2491 874 1
2492 363 1
2493 1253 1
2494 809 1
2494 1254 1
2495 809 1
2496 6 1
2497 30 1
2498 16 1
2499 364 1
2499 16 1
2500 1251 1
2501 22 1
2501 236 1
2501 6 1
2501 74 1
2501 858 1
2501 360 1
2501 248 1
2502 16 1
2503 1055 1
2504 1192 1
2504 1058 1
2505 1100 1
2506 6 1
2507 30 1
2507 25 1
2507 36 1
2507 223 1
2507 123 1
2508 867 1
2509 968 1
2510 6 1
2510 772 1
2511 1251 1
2512 1255 1
2512 1256 1
2513 6 1
2513 30 1
2513 25 1
2514 1257 1
2515 363 1
2516 16 1
2516 619 1
2517 16 1
2517 619 1
2518 6 1
2518 25 1
2518 52 1
2519 6 1
2519 449 1
2519 1258 1
2520 6 1
2520 30 1
2520 25 1
2521 6 1
2521 984 1
2522 25 1
2523 127 1
2523 1027 1
2523 1259 1
2523 1164 1
2523 39 1
2523 75 1
2523 1260 1
2524 16 1
2524 343 1
2524 619 1
2525 294 1
2526 6 1
2526 388 1
2526 73 1
2526 1246 1
2527 21 1
2527 248 1
2528 363 1
2528 1261 1
2529 6 1
2529 169 1
2530 16 1
2530 619 1
2531 6 1
2532 73 1
2533 809 1
2534 6 1
2535 52 1
2536 809 1
2537 6 1
2537 449 1
2538 6 1
2539 22 1
2540 874 1
2541 30 1
2542 6 1
2542 21 1
2542 74 1
2542 73 1
2543 1055 1
2544 6 1
2544 874 1
2545 23 1
2545 286 1
2545 21 1
2545 30 1
2545 25 1
2545 829 1
2546 6 1
2546 30 1
2547 6 1
2548 1243 1
2548 1262 1
2549 6 1
2550 6 1
2551 23 1
2551 21 1
2551 30 1
2551 25 1
2551 0 1
2551 1077 1
2551 1005 1
2551 52 1
2551 869 1
2551 448 1
2552 30 1
2552 25 1
2552 39 1
2552 60 1
2553 286 1
2553 284 1
2554 6 1
2555 25 1
2555 328 1
2555 165 1
2556 25 1
2556 1128 1
2556 506 1
2557 30 1
2557 789 1
2557 25 1
2558 80 1
2558 22 1
2558 236 1
2558 248 1
2559 36 1
2559 52 1
2560 1164 1
2561 6 1
2561 449 1
2561 169 1
2561 325 1
2562 25 1
2563 363 1
2563 308 1
2564 6 1
2565 246 1
2566 1263 1
2567 1264 1
2568 277 1
2568 82 1
2568 954 1
2568 84 1
2569 31 1
2569 308 1
2569 16 1
2570 25 1
2570 325 1
2571 25 1
2571 421 1
2572 16 1
2572 619 1
2573 1265 1
2574 23 1
2574 6 1
2574 872 1
2574 30 1
2574 25 1
2574 1266 1
2574 1077 1
2574 829 1
2574 1078 1
2575 286 1
2575 364 1
2575 666 1
2576 6 1
2577 364 1
2577 172 1
2578 16 1
2578 619 1
2579 6 1
2580 6 1
2581 6 1
2581 1085 1
2582 992 1
2582 809 1
2583 16 1
2583 619 1
2584 363 1
2585 809 1
2586 1227 1
2587 25 1
2588 338 1
2588 6 1
2588 25 1
2588 869 1
2589 363 1
2590 431 1
2590 6 1
2590 346 1
2591 25 1
2592 16 1
2593 16 1
2593 619 1
2594 21 1
2594 30 1
2594 169 1
2594 25 1
2595 286 1
2596 22 1
2596 490 1
2596 491 1
2597 6 1
2598 16 1
2599 16 1
2599 619 1
2600 23 1
2600 68 1
2601 21 1
2602 30 1
2602 907 1
2603 6 1
2604 16 1
2605 6 1
2605 25 1
2606 16 1
2606 1221 1
2607 6 1
2607 449 1
2607 1258 1
2608 127 1
2608 6 1
2608 30 1
2608 25 1
2608 52 1
2609 6 1
2610 6 1
2610 249 1
2610 30 1
2610 789 1
2610 325 1
2610 1137 1
2611 22 1
2611 25 1
2611 346 1
2612 16 1
2612 619 1
2613 30 1
2614 23 1
2615 16 1
2616 271 1
2617 25 1
2617 63 1
2618 6 1
2619 364 1
2619 94 1
2620 25 1
2621 249 1
2621 25 1
2622 25 1
2622 1267 1
2623 324 1
2623 151 1
2623 599 1
2624 6 1
2625 16 1
2625 619 1
2626 6 1
2626 591 1
2626 325 1
2626 94 1
2626 723 1
2627 1256 1
2627 1268 1
2628 52 1
2629 25 1
2629 154 1
2630 0 1
2630 598 1
2631 68 1
2632 1269 1
2633 25 1
2633 39 1
2633 308 1
2634 363 1
2635 52 1
2636 6 1
2636 346 1
2636 40 1
2637 164 1
2637 1270 1
2637 165 1
2637 94 1
2637 1271 1
2638 1267 1
2638 260 1
2639 294 1
2639 1272 1
2640 363 1
2641 25 1
2641 481 1
2641 39 1
2641 123 1
2641 165 1
2642 23 1
2642 748 1
2642 21 1
2642 156 1
2642 30 1
2642 25 1
2642 36 1
2642 1273 1
2642 1274 1
2643 363 1
2643 1275 1
2644 6 1
2644 52 1
2644 1276 1
2645 1277 1
2645 996 1
2646 6 1
2646 21 1
2646 25 1
2646 437 1
2647 694 1
2648 6 1
2648 346 1
2648 772 1
2649 6 1
2649 30 1
2650 6 1
2650 229 1
2650 591 1
2650 350 1
2650 688 1
2651 21 1
2651 156 1
2651 151 1
2651 395 1
2651 730 1
2653 6 1
2653 21 1
2654 25 1
2655 25 1
2656 25 1
2657 6 1
2657 25 1
2658 6 1
2659 23 1
2659 177 1
2659 22 1
2659 6 1
2659 21 1
2659 156 1
2659 249 1
2659 74 1
2659 30 1
2659 789 1
2659 598 1
2659 248 1
2659 151 1
2659 1137 1
2660 156 1
2660 84 1
2661 1278 1
2661 21 1
2661 156 1
2662 1279 1
2663 6 1
2664 22 1
2665 21 1
2666 872 1
2666 1280 1
2667 156 1
2668 363 1
2669 16 1
2669 619 1
2670 1281 1
2670 25 1
2671 748 1
2671 25 1
2671 1282 1
2671 829 1
2671 1152 1
2672 286 1
2672 294 1
2672 284 1
2673 1078 1
2674 1269 1
2675 103 1
2675 701 1
2675 246 1
2676 1269 1
2677 6 1
2677 449 1
2677 1258 1
2678 23 1
2678 6 1
2678 21 1
2678 25 1
2679 1283 1
2680 454 1
2681 6 1
2681 449 1
2681 1258 1
2682 6 1
2682 451 1
2684 913 1
2684 6 1
2684 30 1
2684 25 1
2684 0 1
2685 21 1
2685 701 1
2685 30 1
2685 25 1
2685 323 1
2685 63 1
2685 1282 1
2685 308 1
2686 23 1
2686 6 1
2686 74 1
2686 229 1
2686 153 1
2686 151 1
2687 23 1
2687 6 1
2687 21 1
2687 25 1
2687 591 1
2687 151 1
2687 52 1
2688 22 1
2688 21 1
2688 30 1
2689 23 1
2689 6 1
2689 21 1
2689 30 1
2689 25 1
2689 328 1
2689 1284 1
2689 36 1
2689 1266 1
2689 1077 1
2689 898 1
2689 829 1
2689 1152 1
2689 52 1
2689 1285 1
2690 6 1
2691 363 1
2692 25 1
2692 308 1
2693 363 1
2693 10 1
2694 363 1
2695 1286 1
2695 490 1
2695 1287 1
2695 215 1
2695 687 1
2696 451 1
2697 6 1
2698 22 1
2698 25 1
2698 323 1
2699 22 1
2699 286 1
2699 21 1
2699 156 1
2699 82 1
2700 6 1
2701 421 1
2701 123 1
2702 156 1
2702 84 1
2702 64 1
2703 191 1
2704 25 1
2704 16 1
2705 1288 1
2706 23 1
2706 22 1
2706 6 1
2706 21 1
2706 74 1
2706 25 1
2706 73 1
2706 481 1
2706 248 1
2707 6 1
2707 21 1
2708 338 1
2708 246 1
2709 490 1
2709 744 1
2710 884 1
2711 6 1
2711 648 1
2711 520 1
2711 325 1
2712 1134 1
2713 748 1
2713 30 1
2713 25 1
2713 328 1
2713 60 1
2714 6 1
2714 25 1
2716 25 1
2717 6 1
2718 6 1
2718 248 1
2718 529 1
2719 6 1
2719 30 1
2720 6 1
2720 25 1
2720 52 1
2721 6 1
2722 6 1
2722 449 1
2722 144 1
2723 6 1
2723 1272 1
2724 6 1
2724 229 1
2724 602 1
2724 308 1
2725 6 1
2725 992 1
2725 25 1
2725 123 1
2726 363 1
2727 6 1
2728 6 1
2729 6 1
2730 598 1
2731 6 1
2731 664 1
2732 22 1
2733 6 1
2733 30 1
2734 6 1
2734 1289 1
2735 1290 1
2735 52 1
2736 94 1
2737 25 1
2738 25 1
2738 16 1
2739 6 1
2740 6 1
2740 346 1
2740 731 1
2740 151 1
2740 94 1
2740 1291 1
2740 599 1
2741 6 1
2742 6 1
2742 30 1
2742 25 1
2742 1292 1
2742 1145 1
2742 52 1
2742 885 1
2742 1276 1
2743 80 1
2743 30 1
2743 25 1
2743 60 1
2744 25 1
2744 421 1
2744 308 1
2745 6 1
2745 249 1
2745 25 1
2746 25 1
2747 80 1
2747 6 1
2747 249 1
2747 169 1
2747 789 1
2747 958 1
2747 895 1
2747 1272 1
2748 913 1
2748 6 1
2748 1293 1
2748 1292 1
2749 16 1
2749 1294 1
2749 439 1
2750 16 1
2750 619 1
2751 6 1
2751 191 1
2752 25 1
2752 60 1
2752 1090 1
2753 23 1
2753 21 1
2753 25 1
2753 792 1
2753 421 1
2753 460 1
2753 923 1
2753 968 1
2753 829 1
2753 1152 1
2753 1240 1
2754 79 1
2754 397 1
2755 308 1
2756 6 1
2756 52 1
2756 885 1
2757 21 1
2757 153 1
2758 6 1
2758 449 1
2758 39 1
2758 165 1
2758 409 1
2759 6 1
2760 6 1
2761 6 1
2761 325 1
2762 22 1
2762 360 1
2763 6 1
2763 156 1
2763 25 1
2763 545 1
2763 60 1
2763 52 1
2764 23 1
2764 913 1
2764 127 1
2764 6 1
2764 164 1
2764 21 1
2764 531 1
2764 117 1
2764 30 1
2764 0 1
2764 1147 1
2764 1295 1
2764 123 1
2765 80 1
2765 294 1
2765 1272 1
2766 166 1
2766 1027 1
2766 1164 1
2767 22 1
2768 6 1
2769 308 1
2769 16 1
2769 619 1
2770 431 1
2770 6 1
2770 21 1
2771 1296 1
2771 1297 1
2771 16 1
2772 25 1
2773 6 1
2773 49 1
2773 117 1
2773 735 1
2773 30 1
2773 25 1
2773 229 1
2773 246 1
2773 1147 1
2773 421 1
2773 39 1
2773 591 1
2773 602 1
2773 325 1
2773 1292 1
2773 756 1
2773 151 1
2773 1078 1
2773 599 1
2773 623 1
2774 25 1
2774 308 1
2774 263 1
2775 6 1
2776 6 1
2776 602 1
2777 16 1
2778 6 1
2778 25 1
2778 1225 1
2778 827 1
2778 60 1
2778 1292 1
2779 1201 1
2780 735 1
2780 325 1
2781 21 1
2781 156 1
2782 1279 1
2783 6 1
2784 16 1
2785 363 1
2785 30 1
2786 6 1
2786 297 1
2787 6 1
2788 1298 1
2789 6 1
2789 25 1
2790 816 1
2790 323 1
2791 16 1
2792 16 1
2793 127 1
2793 25 1
2793 1299 1
2794 16 1
2795 1300 1
2795 308 1
2795 1299 1
2796 6 1
2797 364 1
2797 397 1
2798 271 1
2799 22 1
2799 286 1
2800 21 1
2800 308 1
2801 388 1
2801 25 1
2801 450 1
2801 1301 1
2802 6 1
2803 6 1
2803 1085 1
2804 103 1
2805 25 1
2806 363 1
2807 25 1
2807 16 1
2808 6 1
2808 735 1
2809 6 1
2809 21 1
2810 21 1
2810 25 1
2811 6 1
2811 591 1
2811 602 1
2811 325 1
2812 30 1
2812 25 1
2813 363 1
2814 6 1
2815 25 1
2816 6 1
2816 364 1
2816 520 1
2817 25 1
2817 1255 1
2817 397 1
2818 16 1
2819 25 1
2819 16 1
2820 16 1
2821 30 1
2821 25 1
2821 328 1
2821 523 1
2821 29 1
2822 22 1
2823 6 1
2823 1302 1
2824 23 1
2824 127 1
2824 6 1
2824 648 1
2824 74 1
2824 352 1
2824 229 1
2824 350 1
2824 123 1
2824 346 1
2825 30 1
2825 598 1
2825 830 1
2825 808 1
2825 248 1
2826 6 1
2826 151 1
2827 1298 1
2828 156 1
2828 39 1
2828 83 1
2829 22 1
2829 286 1
2829 364 1
2830 16 1
2830 619 1
2831 6 1
2832 363 1
2833 6 1
2834 23 1
2834 94 1
2835 6 1
2835 74 1
2836 1303 1
2836 292 1
2837 16 1
2838 21 1
2838 701 1
2838 82 1
2838 30 1
2838 25 1
2838 545 1
2838 1282 1
2838 954 1
2838 600 1
2838 395 1
2839 249 1
2839 789 1
2840 363 1
2840 816 1
2841 188 1
2841 186 1
2841 31 1
2841 16 1
2842 30 1
2842 25 1
2842 16 1
2843 1304 1
2844 16 1
2845 21 1
2845 156 1
2845 30 1
2845 60 1
2846 6 1
2846 117 1
2846 74 1
2846 30 1
2846 1305 1
2846 151 1
2846 869 1
2847 6 1
2848 915 1
2848 308 1
2849 6 1
2850 363 1
2850 1306 1
2851 52 1
2851 619 1
2852 25 1
2853 22 1
2854 619 1
2855 22 1
2856 1307 1
2856 363 1
2857 156 1
2857 84 1
2857 64 1
2858 363 1
2859 23 1
2859 896 1
2859 30 1
2859 244 1
2859 898 1
2860 6 1
2860 1225 1
2860 486 1
2861 308 1
2861 1078 1
2862 23 1
2862 30 1
2862 244 1
2862 706 1
2862 308 1
2863 39 1
2863 126 1
2863 123 1
2863 1132 1
2864 16 1
2865 6 1
2865 25 1
2866 523 1
2867 16 1
2868 286 1
2868 21 1
2868 123 1
2869 16 1
2870 6 1
2870 21 1
2871 6 1
2871 25 1
2871 1231 1
2872 6 1
2872 52 1
2873 308 1
2873 16 1
2874 16 1
2874 619 1
2875 6 1
2875 1085 1
2876 16 1
2876 619 1
2877 1308 1
2878 16 1
2879 248 1
2880 23 1
2881 16 1
2882 23 1
2882 246 1
2883 363 1
2883 1309 1
2884 363 1
2885 363 1
2885 1268 1
2886 363 1
2887 22 1
2888 363 1
2889 52 1
2890 6 1
2890 21 1
2890 73 1
2891 16 1
2892 421 1
2892 639 1
2893 25 1
2893 16 1
2894 6 1
2894 30 1
2894 25 1
2894 39 1
2894 591 1
2895 906 1
2896 363 1
2896 1310 1
2897 25 1
2897 16 1
2898 363 1
2898 1311 1
2899 1312 1
2900 481 1
2900 39 1
2900 165 1
2901 25 1
2902 126 1
2903 21 1
2903 156 1
2903 82 1
2903 308 1
2903 867 1
2904 748 1
2905 30 1
2906 1132 1
2907 363 1
2907 248 1
2908 1313 1
2909 6 1
2909 25 1
2909 1104 1
2910 94 1
2911 6 1
2911 156 1
2911 117 1
2911 83 1
2911 395 1
2912 23 1
2912 21 1
2913 6 1
2913 529 1
2914 249 1
2914 789 1
2914 39 1
2914 1183 1
2915 6 1
2916 6 1
2916 735 1
2917 363 1
2918 6 1
2919 16 1
2920 286 1
2920 490 1
2921 22 1
2921 6 1
2921 117 1
2921 155 1
2921 308 1
2921 731 1
2922 16 1
2923 30 1
2923 308 1
2924 363 1
2925 22 1
2925 869 1
2926 619 1
2927 619 1
2928 25 1
2929 6 1
2930 6 1
2930 25 1
2930 0 1
2930 39 1
2931 363 1
2931 36 1
2932 16 1
2933 25 1
2934 16 1
2935 363 1
2936 23 1
2937 6 1
2937 598 1
2938 363 1
2939 6 1
2939 117 1
2939 1314 1
2940 6 1
2940 1315 1
2941 323 1
2941 165 1
2942 23 1
2942 244 1
2943 6 1
2943 39 1
2944 6 1
2944 325 1
2945 6 1
2946 30 1
2946 16 1
2947 25 1
2947 829 1
2948 23 1
2948 6 1
2948 21 1
2948 591 1
2948 325 1
2948 248 1
2948 151 1
2949 6 1
2949 598 1
2949 325 1
2950 745 1
2950 84 1
2951 22 1
2951 789 1
2951 165 1
2952 6 1
2952 364 1
2953 16 1
2954 23 1
2954 127 1
2954 21 1
2954 25 1
2955 363 1
2955 1316 1
2956 126 1
2957 16 1
2958 252 1
2959 94 1
2960 363 1
2960 308 1
2961 25 1
2962 363 1
2963 94 1
2964 25 1
2965 23 1
2966 6 1
2966 25 1
2967 6 1
2967 25 1
2968 22 1
2968 126 1
2968 323 1
2969 906 1
2970 23 1
2970 6 1
2970 244 1
2970 325 1
2971 22 1
2971 271 1
2972 6 1
2972 648 1
2972 1317 1
2972 1027 1
2972 1164 1
2972 421 1
2972 1273 1
2972 611 1
2972 817 1
2973 30 1
2973 1318 1
2974 286 1
2974 6 1
2975 442 1
2975 1319 1
2976 338 1
2976 1320 1
2976 363 1
2977 1320 1
2977 493 1
2977 25 1
2978 363 1
2979 1132 1
2980 25 1
2980 602 1
2980 1321 1
2981 6 1
2981 1322 1
2982 16 1
2983 6 1
2984 6 1
2984 511 1
2984 1323 1
2984 229 1
2985 6 1
2985 25 1
2986 164 1
2986 21 1
2986 328 1
2987 25 1
2988 156 1
2988 308 1
2989 249 1
2990 6 1
2990 388 1
2990 1324 1
2991 22 1
2991 6 1
2991 21 1
2991 325 1
2992 16 1
2993 23 1
2993 177 1
2993 338 1
2993 164 1
2993 1188 1
2993 21 1
2993 156 1
2993 1325 1
2993 1326 1
2993 30 1
2993 25 1
2993 328 1
2993 460 1
2993 1327 1
2993 1284 1
2993 36 1
2993 1077 1
2993 1135 1
2993 1274 1
2993 1328 1
2993 1115 1
2993 248 1
2993 165 1
2993 1290 1
2994 25 1
2994 1090 1
2995 6 1
2996 25 1
2997 6 1
2998 1269 1
2999 363 1
3000 6 1
3000 25 1
3001 16 1
3001 619 1
3002 156 1
3002 82 1
3002 346 1
3003 23 1
3003 748 1
3003 127 1
3003 21 1
3003 249 1
3003 74 1
3003 30 1
3003 789 1
3003 1329 1
3003 25 1
3003 244 1
3003 328 1
3003 1311 1
3003 1077 1
3003 248 1
3004 188 1
3004 308 1
3004 1221 1
3005 16 1
3006 545 1
3007 25 1
3007 16 1
3008 545 1
3009 103 1
3009 6 1
3009 30 1
3009 36 1
3010 6 1
3011 30 1
3011 16 1
3012 156 1
3012 82 1
3012 45 1
3013 6 1
3014 6 1
3014 30 1
3014 0 1
3014 325 1
3015 1330 1
3016 6 1
3017 324 1
3017 648 1
3017 25 1
3018 65 1
3018 323 1
3019 6 1
3020 363 1
3020 25 1
3021 748 1
3022 25 1
3022 829 1
3023 25 1
3023 154 1
3024 21 1
3025 25 1
3026 1173 1
3027 816 1
3027 1310 1
3028 748 1
3029 364 1
3029 1281 1
3030 21 1
3030 25 1
3030 481 1
3031 25 1
3032 21 1
3033 165 1
3034 6 1
3035 310 1
3036 6 1
3036 1331 1
3036 0 1
3037 52 1
3038 80 1
3039 1183 1
3040 363 1
3041 6 1
3042 188 1
3042 308 1
3042 1183 1
3043 23 1
3043 748 1
3043 21 1
3043 1332 1
3043 1333 1
3044 25 1
3046 16 1
3047 363 1
3047 1135 1
3048 363 1
3049 23 1
3050 6 1
3050 25 1
3051 291 1
3051 363 1
3052 6 1
3052 49 1
3052 550 1
3053 619 1
3054 363 1
3054 1334 1
3055 748 1
3056 1335 1
3057 127 1
3057 6 1
3058 127 1
3058 1286 1
3059 16 1
3059 619 1
3060 25 1
3061 25 1
3061 60 1
3061 24 1
3062 25 1
3063 6 1
3063 42 1
3064 49 1
3064 598 1
3064 252 1
3064 248 1
3064 1085 1
3065 493 1
3065 25 1
3066 6 1
3067 23 1
3067 22 1
3067 323 1
3068 236 1
3068 6 1
3068 229 1
3068 123 1
3069 30 1
3069 25 1
3069 1077 1
3069 829 1
3070 1135 1
3071 6 1
3071 598 1
3072 363 1
3072 1336 1
3073 169 1
3074 6 1
3074 325 1
3075 363 1
3076 6 1
3077 25 1
3077 16 1
3078 363 1
3079 364 1
3079 363 1
3080 30 1
3081 21 1
3081 1337 1
3081 156 1
3081 702 1
3081 1338 1
3082 6 1
3082 25 1
3082 308 1
3083 6 1
3083 308 1
3083 151 1
3084 30 1
3084 25 1
3084 1077 1
3084 829 1
3085 188 1
3085 706 1
3086 127 1
3086 25 1
3087 39 1
3088 6 1
3088 1339 1
3089 25 1
3089 1090 1
3090 16 1
3091 1340 1
3092 21 1
3093 872 1
3093 1341 1
3093 1342 1
3094 127 1
3094 21 1
3094 156 1
3094 872 1
3094 30 1
3094 811 1
3094 867 1
3095 6 1
3096 6 1
3096 25 1
3097 421 1
3098 30 1
3099 748 1
3099 127 1
3100 25 1
3100 829 1
3101 421 1
3101 230 1
3102 6 1
3103 6 1
3103 992 1
3103 578 1
3104 6 1
3105 16 1
3106 481 1
3106 598 1
3107 6 1
3107 308 1
3108 6 1
3109 6 1
3110 6 1
3111 6 1
3112 23 1
3112 6 1
3112 117 1
3112 1343 1
3113 6 1
3113 25 1
3113 421 1
3113 60 1
3114 6 1
3115 1344 1
3116 6 1
3117 598 1
3117 1085 1
3118 364 1
3118 1345 1
3119 23 1
3119 25 1
3120 126 1
3121 30 1
3121 25 1
3121 60 1
3122 6 1
3122 25 1
3123 6 1
3124 22 1
3124 21 1
3124 156 1
3124 30 1
3124 45 1
3124 1346 1
3125 25 1
3125 60 1
3125 1347 1
3126 23 1
3126 6 1
3126 30 1
3126 25 1
3126 229 1
3126 325 1
3126 1292 1
3126 308 1
3127 21 1
3127 156 1
3127 872 1
3127 308 1
3128 21 1
3129 25 1
3129 1128 1
3130 493 1
3131 826 1
3132 6 1
3132 117 1
3132 578 1
3132 229 1
3132 123 1
3133 6 1
3133 21 1
3133 30 1
3134 25 1
3135 23 1
3135 22 1
3135 323 1
3136 1304 1
3137 23 1
3137 22 1
3137 323 1
3138 22 1
3138 30 1
3139 286 1
3140 1348 1
3141 25 1
3142 25 1
3143 23 1
3143 80 1
3143 6 1
3143 21 1
3143 789 1
3144 22 1
3145 486 1
3146 22 1
3146 286 1
3146 21 1
3146 25 1
3146 323 1
3147 6 1
3147 1183 1
3147 730 1
3148 6 1
3148 1292 1
3148 163 1
3149 6 1
3149 325 1
3149 94 1
3150 545 1
3151 545 1
3152 21 1
3152 156 1
3152 308 1
3153 16 1
3153 619 1
3154 246 1
3155 872 1
3155 1090 1
3156 25 1
3157 338 1
3157 31 1
3158 6 1
3159 6 1
3160 23 1
3160 103 1
3160 6 1
3160 481 1
3161 308 1
3161 165 1
3162 1340 1
3163 1027 1
3163 1259 1
3164 286 1
3165 6 1
3165 117 1
3165 74 1
3165 169 1
3165 811 1
3165 155 1
3165 36 1
3165 308 1
3165 248 1
3165 1221 1
3166 23 1
3166 431 1
3166 6 1
3166 1349 1
3166 156 1
3166 49 1
3166 117 1
3166 578 1
3166 30 1
3166 25 1
3166 1350 1
3166 123 1
3166 1340 1
3166 830 1
3166 730 1
3167 23 1
3167 6 1
3167 164 1
3167 169 1
3168 1340 1
3169 1351 1
3170 80 1
3170 1150 1
3171 22 1
3171 286 1
3171 490 1
3172 6 1
3172 39 1
3173 6 1
3173 151 1
3173 165 1
3174 1352 1
3175 25 1
3176 6 1
3176 161 1
3177 6 1
3178 6 1
3178 297 1
3179 21 1
3179 45 1
3180 248 1
3181 6 1
3181 30 1
3182 6 1
3182 25 1
3183 1353 1
3183 30 1
3183 1284 1
3183 1354 1
3183 36 1
3183 1077 1
3183 1274 1
3184 6 1
3185 23 1
3185 6 1
3186 31 1
3187 127 1
3187 6 1
3188 286 1
3188 127 1
3188 6 1
3188 324 1
3188 1259 1
3188 350 1
3188 165 1
3189 25 1
3189 421 1
3189 39 1
3189 829 1
3189 1128 1
3190 25 1
3191 25 1
3192 6 1
3193 277 1
3193 748 1
3193 21 1
3194 23 1
3194 80 1
3194 1320 1
3194 156 1
3194 25 1
3194 328 1
3194 1327 1
3194 36 1
3194 1266 1
3194 1077 1
3194 706 1
3194 1355 1
3194 161 1
3194 1282 1
3194 52 1
3194 1276 1
3195 25 1
3196 23 1
3196 6 1
3197 286 1
3197 30 1
3197 169 1
3197 25 1
3197 73 1
3197 248 1
3198 6 1
3199 6 1
3200 363 1
3201 6 1
3201 21 1
3201 156 1
3201 460 1
3201 545 1
3202 21 1
3203 421 1
3204 6 1
3204 355 1
3205 6 1
3206 25 1
3206 1356 1
3207 6 1
3208 23 1
3208 327 1
3208 22 1
3208 25 1
3208 1357 1
3209 364 1
3209 25 1
3210 598 1
3211 25 1
3212 1078 1
3213 811 1
3214 25 1
3215 919 1
3216 177 1
3216 25 1
3216 437 1
3216 829 1
3217 1358 1
3217 481 1
3218 6 1
3219 1183 1
3220 6 1
3220 25 1
3220 323 1
3221 156 1
3221 545 1
3222 1104 1
3222 1159 1
3223 6 1
3224 6 1
3224 449 1
3224 30 1
3225 6 1
3226 23 1
3227 1359 1
3228 156 1
3228 25 1
3228 1282 1
3228 829 1
3228 1128 1
3229 6 1
3229 25 1
3230 6 1
3230 117 1
3230 578 1
3230 591 1
3230 308 1
3230 1314 1
3231 1304 1
3232 22 1
3232 286 1
3232 25 1
3232 1159 1
3233 23 1
3233 1360 1
3234 6 1
3234 25 1
3235 308 1
3235 152 1
3236 6 1
3236 311 1
3237 6 1
3237 1147 1
3238 6 1
3238 1361 1
3239 23 1
3239 22 1
3239 748 1
3239 164 1
3239 21 1
3239 701 1
3239 25 1
3239 328 1
3239 323 1
3239 165 1
3240 25 1
3241 431 1
3241 6 1
3241 992 1
3241 578 1
3241 0 1
3241 935 1
3241 1362 1
3241 917 1
3241 1363 1
3242 6 1
3243 1364 1
3244 93 1
3245 6 1
3245 117 1
3245 735 1
3246 21 1
3247 103 1
3247 6 1
3248 6 1
3248 598 1
3248 1085 1
3249 23 1
3249 25 1
3249 829 1
3249 1365 1
3250 1366 1
3251 30 1
3251 16 1
3252 6 1
3252 25 1
3252 63 1
3252 165 1
3253 926 1
3254 25 1
3254 16 1
3255 872 1
3255 973 1
3256 23 1
3256 6 1
3256 74 1
3256 325 1
3256 248 1
3256 151 1
3257 6 1
3258 6 1
3259 6 1
3259 1286 1
3259 25 1
3259 591 1
3259 308 1
3260 117 1
3260 252 1
3261 117 1
3261 25 1
3261 229 1
3262 6 1
3263 6 1
3263 1367 1
3264 22 1
3264 1368 1
3264 490 1
3264 694 1
3265 25 1
3266 6 1
3266 21 1
3266 701 1
3267 25 1
3268 973 1
3269 1269 1
3270 252 1
3271 249 1
3271 789 1
3271 39 1
3271 602 1
3271 323 1
3271 123 1
3272 297 1
3273 934 1
3274 1345 1
3275 1369 1
3276 6 1
3276 36 1
3277 22 1
3277 21 1
3277 545 1
3278 6 1
3278 992 1
3278 169 1
3278 25 1
3278 1138 1
3279 23 1
3279 327 1
3279 127 1
3279 6 1
3279 21 1
3279 25 1
3279 244 1
3279 460 1
3279 39 1
3279 1370 1
3279 1282 1
3279 829 1
3279 151 1
3280 156 1
3280 481 1
3281 21 1
3281 156 1
3281 789 1
3281 395 1
3281 64 1
3282 25 1
3282 506 1
3282 507 1
3282 372 1
3283 39 1
3283 36 1
3284 1371 1
3285 6 1
3286 748 1
3286 25 1
3286 1287 1
3286 968 1
3287 22 1
3287 127 1
3287 74 1
3287 39 1
3287 1288 1
3287 63 1
3288 23 1
3288 1372 1
3289 291 1
3289 22 1
3289 286 1
3289 984 1
3289 364 1
3289 664 1
3289 169 1
3289 761 1
3290 25 1
3290 1357 1
3291 6 1
3292 1373 1
3293 286 1
3293 6 1
3293 169 1
3294 6 1
3295 16 1
3296 22 1
3296 286 1
3297 127 1
3297 164 1
3297 21 1
3297 352 1
3297 165 1
3298 6 1
3298 1183 1
3299 23 1
3299 6 1
3299 156 1
3299 117 1
3299 249 1
3299 74 1
3299 25 1
3299 1274 1
3299 248 1
3300 22 1
3301 21 1
3301 545 1
3301 165 1
3302 6 1
3303 156 1
3303 45 1
3303 152 1
3304 23 1
3304 25 1
3305 1374 1
3305 585 1
3305 1375 1
3305 253 1
3305 1376 1
3305 254 1
3306 694 1
3307 30 1
3307 25 1
3307 36 1
3308 25 1
3309 49 1
3309 153 1
3310 6 1
3310 252 1
3310 1377 1
3311 487 1
3312 23 1
3312 25 1
3313 648 1
3313 1286 1
3313 25 1
3313 602 1
3314 598 1
3314 1085 1
3315 598 1
3315 1085 1
3316 598 1
3316 1085 1
3317 598 1
3317 1085 1
3318 6 1
3318 144 1
3319 25 1
3319 1378 1
3319 829 1
3320 338 1
3320 1379 1
3320 25 1
3320 294 1
3321 6 1
3321 151 1
3322 748 1
3323 6 1
3324 0 1
3325 6 1
3325 872 1
3325 244 1
3326 25 1
3327 1380 1
3328 23 1
3328 6 1
3328 25 1
3329 6 1
3330 1381 1
3331 6 1
3332 6 1
3332 60 1
3333 598 1
3333 1085 1
3334 598 1
3334 1085 1
3335 6 1
3335 25 1
3335 39 1
3336 991 1
3337 248 1
3338 22 1
3339 1100 1
3340 23 1
3340 6 1
3340 21 1
3340 1281 1
3340 229 1
3341 23 1
3341 25 1
3341 308 1
3342 21 1
3343 449 1
3344 1346 1
3345 21 1
3345 156 1
3345 60 1
3346 23 1
3346 748 1
3346 21 1
3346 25 1
3346 328 1
3346 63 1
3347 103 1
3347 789 1
3348 123 1
3349 6 1
3350 360 1
3350 153 1
3350 600 1
3350 1382 1
3351 249 1
3351 25 1
3352 21 1
3352 25 1
3352 585 1
3352 1383 1
3354 602 1
3354 152 1
3355 127 1
3355 598 1
3356 25 1
3356 1384 1
3357 6 1
3358 421 1
3359 25 1
3360 6 1
3361 236 1
3361 127 1
3361 164 1
3361 74 1
3361 25 1
3361 328 1
3361 1385 1
3361 223 1
3362 22 1
3362 21 1
3362 490 1
3362 491 1
3362 1386 1
3362 215 1
3362 509 1
3363 872 1
3363 1387 1
3364 748 1
3365 6 1
3365 591 1
3366 1387 1
3367 6 1
3368 6 1
3368 117 1
3369 1388 1
3370 30 1
3370 25 1
3371 22 1
3371 6 1
3371 164 1
3371 21 1
3371 156 1
3371 701 1
3371 25 1
3371 248 1
3372 6 1
3373 6 1
3373 73 1
3373 39 1
3374 286 1
3375 25 1
3375 246 1
3376 25 1
3377 23 1
3377 324 1
3378 248 1
3379 6 1
3380 80 1
3380 872 1
3380 1389 1
3380 30 1
3380 1390 1
3380 1391 1
3381 1392 1
3382 6 1
3383 22 1
3383 286 1
3383 6 1
3384 598 1
3385 585 1
3386 151 1
3387 437 1
3387 16 1
3388 352 1
3389 323 1
3389 346 1
3389 1393 1
3390 21 1
3390 1394 1
3391 6 1
3392 286 1
3392 490 1
3392 491 1
3393 748 1
3394 408 1
3395 187 1
3395 188 1
3395 30 1
3395 25 1
3395 707 1
3396 22 1
3396 260 1
3397 23 1
3397 327 1
3397 748 1
3397 127 1
3397 21 1
3397 30 1
3397 328 1
3398 6 1
3399 6 1
3399 1361 1
3400 30 1
3400 1395 1
3401 22 1
3401 156 1
3402 80 1
3402 1150 1
3402 1329 1
3403 164 1
3403 246 1
3404 6 1
3404 25 1
3405 6 1
3406 324 1
3406 648 1
3407 6 1
3408 286 1
3409 117 1
3409 123 1
3410 6 1
3410 325 1
3411 1396 1
3412 1397 1
3413 236 1
3413 6 1
3413 297 1
3413 324 1
3413 449 1
3413 188 1
3413 653 1
3413 74 1
3413 25 1
3413 1164 1
3413 591 1
3413 325 1
3413 350 1
3413 830 1
3413 248 1
3413 94 1
3413 723 1
3414 6 1
3414 591 1
3414 598 1
3415 271 1
3415 490 1
3416 360 1
3416 600 1
3417 6 1
3418 6 1
3419 545 1
3420 25 1
3420 39 1
3421 23 1
3421 329 1
3423 6 1
3423 308 1
3424 286 1
3425 22 1
3425 286 1
3425 63 1
3426 6 1
3426 25 1
3427 1345 1
3427 1398 1
3428 23 1
3429 6 1
3429 25 1
3429 165 1
3430 25 1
3430 60 1
3431 1216 1
3432 6 1
3433 23 1
3433 123 1
3434 30 1
3434 1311 1
3435 23 1
3436 6 1
3437 74 1
3437 246 1
3437 602 1
3438 25 1
3439 22 1
3440 23 1
3440 80 1
3440 992 1
3441 6 1
3441 25 1
3442 164 1
3442 21 1
3442 25 1
3442 585 1
3443 30 1
3444 22 1
3444 260 1
3445 1395 1
3446 22 1
3446 6 1
3446 21 1
3446 156 1
3447 21 1
3448 25 1
3449 127 1
3450 578 1
3450 1399 1
3450 94 1
3451 25 1
3452 23 1
3452 6 1
3452 21 1
3452 1400 1
3453 6 1
3454 364 1
3454 883 1
3454 39 1
3454 602 1
3454 308 1
3455 338 1
3455 1351 1
3456 286 1
3458 421 1
3459 772 1
3460 6 1
3460 21 1
3461 23 1
3461 6 1
3461 21 1
3461 156 1
3461 83 1
3462 169 1
3463 6 1
3463 1278 1
3464 1375 1
3465 23 1
3466 271 1
3466 694 1
3467 6 1
3468 25 1
3469 6 1
3469 297 1
3470 22 1
3471 6 1
3471 21 1
3471 74 1
3472 481 1
3472 154 1
3473 6 1
3473 25 1
3474 63 1
3475 1369 1
3476 152 1
3477 6 1
3477 25 1
3478 153 1
3479 6 1
3480 286 1
3480 271 1
3481 1401 1
3482 23 1
3482 161 1
3483 23 1
3483 748 1
3483 25 1
3483 154 1
3483 123 1
3484 25 1
3485 156 1
3485 25 1
3485 1173 1
3486 1402 1
3486 1403 1
3487 1345 1
3487 1404 1
3488 236 1
3489 25 1
3489 1308 1
3490 22 1
3490 872 1
3491 22 1
3491 286 1
3492 156 1
3492 84 1
3493 408 1
3494 21 1
3494 156 1
3494 567 1
3494 123 1
3494 308 1
3495 6 1
3495 449 1
3495 811 1
3496 408 1
3497 884 1
3498 6 1
3498 408 1
3499 22 1
3499 25 1
3500 323 1
3500 308 1
3501 329 1
3502 323 1
3503 156 1
3503 83 1
3503 1405 1
3504 6 1
3504 25 1
3505 23 1
3505 6 1
3505 21 1
3505 1353 1
3505 25 1
3506 23 1
3506 1286 1
3506 25 1
3507 6 1
3508 6 1
3509 25 1
3510 6 1
3510 1323 1
3510 325 1
3510 1406 1
3512 6 1
3512 169 1
3513 23 1
3514 935 1
3515 1378 1
3515 1363 1
3516 21 1
3516 155 1
3516 460 1
3516 481 1
3516 1077 1
3516 1211 1
3516 123 1
3517 6 1
3517 117 1
3517 249 1
3517 1407 1
3517 1287 1
3518 25 1
3519 25 1
3519 308 1
3519 1408 1
3520 189 1
3521 1409 1
3522 6 1
3523 6 1
3523 21 1
3524 6 1
3524 49 1
3524 735 1
3524 25 1
3524 487 1
3525 23 1
3525 1360 1
3526 598 1
3527 31 1
3527 811 1
3527 816 1
3528 6 1
3529 323 1
3530 156 1
3530 82 1
3531 23 1
3531 25 1
3532 23 1
3532 324 1
3533 22 1
3533 6 1
3533 490 1
3533 1157 1
3534 6 1
3534 25 1
3535 25 1
3536 23 1
3536 22 1
3536 21 1
3536 1410 1
3536 30 1
3536 534 1
3537 23 1
3537 6 1
3537 21 1
3537 598 1
3538 25 1
3539 189 1
3540 6 1
3541 935 1
3542 23 1
3542 25 1
3542 346 1
3543 25 1
3543 1411 1
3544 325 1
3545 6 1
3546 6 1
3546 246 1
3547 431 1
3547 6 1
3547 21 1
3547 117 1
3547 25 1
3547 229 1
3547 1147 1
3547 123 1
3547 1412 1
3547 151 1
3548 21 1
3549 6 1
3549 883 1
3549 706 1
3550 291 1
3550 984 1
3550 664 1
3550 30 1
3550 25 1
3550 665 1
3551 156 1
3551 25 1
3552 23 1
3552 6 1
3552 21 1
3552 1413 1
3553 23 1
3553 748 1
3553 21 1
3553 156 1
3553 30 1
3553 25 1
3553 328 1
3554 6 1
3554 872 1
3555 1414 1
3556 25 1
3557 327 1
3557 323 1
3558 934 1
3559 271 1
3560 364 1
3560 10 1
3561 23 1
3561 30 1
3561 25 1
3562 6 1
3563 23 1
3563 25 1
3563 829 1
3564 23 1
3565 294 1
3566 6 1
3567 1415 1
3568 884 1
3569 6 1
3570 25 1
3570 602 1
3570 308 1
3571 6 1
3572 6 1
3572 324 1
3572 21 1
3572 156 1
3572 481 1
3572 123 1
3572 308 1
3572 248 1
3573 1416 1
3574 325 1
3575 21 1
3575 25 1
3576 25 1
3577 25 1
3577 123 1
3578 6 1
3579 189 1
3579 421 1
3580 6 1
3581 169 1
3582 6 1
3582 249 1
3583 25 1
3583 602 1
3583 308 1
3584 127 1
3584 323 1
3585 63 1
3586 585 1
3586 253 1
3586 254 1
3586 153 1
3587 297 1
3587 388 1
3588 598 1
3589 6 1
3589 324 1
3589 21 1
3589 117 1
3589 229 1
3589 1147 1
3590 23 1
3590 6 1
3591 6 1
3591 21 1
3591 156 1
3591 82 1
3592 189 1
3593 21 1
3594 6 1
3594 648 1
3594 992 1
3594 0 1
3594 73 1
3595 325 1
3596 6 1
3597 6 1
3598 939 1
3599 872 1
3599 25 1
3599 829 1
3599 1411 1
3600 23 1
3600 6 1
3601 328 1
3602 323 1
3603 1351 1
3604 23 1
3604 30 1
3604 1266 1
3604 1077 1
3604 1391 1
3604 898 1
3605 21 1
3606 21 1
3607 323 1
3607 308 1
3608 169 1
3608 39 1
3609 23 1
3609 6 1
3609 578 1
3610 523 1
3611 10 1
3612 127 1
3612 1286 1
3612 249 1
3612 25 1
3612 246 1
3613 25 1
3614 22 1
3614 236 1
3614 127 1
3614 6 1
3614 164 1
3614 991 1
3614 74 1
3614 1417 1
3614 1277 1
3614 694 1
3614 591 1
3614 308 1
3615 6 1
3616 6 1
3616 1418 1
3617 6 1
3617 297 1
3617 49 1
3617 1419 1
3618 23 1
3618 25 1
3619 6 1
3619 21 1
3620 6 1
3620 25 1
3621 323 1
3622 25 1
3622 308 1
3623 25 1
3623 1213 1
3624 25 1
3624 323 1
3624 1420 1
3624 605 1
3625 25 1
3626 21 1
3627 308 1
3627 16 1
3628 286 1
3629 1132 1
3630 915 1
3632 156 1
3633 6 1
3634 21 1
3634 156 1
3635 1421 1
3635 60 1
3635 1422 1
3635 1423 1
3635 1424 1
3635 1425 1
3635 1406 1
3635 1426 1
3635 1427 1
3635 1428 1
3635 1429 1
3635 1430 1
3635 59 1
3636 6 1
3637 338 1
3637 236 1
3637 6 1
3637 21 1
3637 74 1
3638 913 1
3638 6 1
3638 1384 1
3638 1276 1
3639 83 1
3640 23 1
3640 748 1
3641 25 1
3641 83 1
3642 748 1
3642 25 1
3642 328 1
3642 437 1
3642 323 1
3642 1301 1
3643 6 1
3643 958 1
3643 0 1
3644 884 1
3645 294 1
3646 6 1
3646 21 1
3646 229 1
3646 246 1
3647 25 1
3648 1301 1
3649 23 1
3649 324 1
3650 76 1
3651 6 1
3651 25 1
3652 1409 1
3653 156 1
3654 23 1
3654 156 1
3654 1431 1
3655 6 1
3656 6 1
3656 254 1
3657 22 1
3657 286 1
3657 1368 1
3657 249 1
3657 169 1
3657 240 1
3657 73 1
3657 694 1
3657 1033 1
3658 6 1
3658 21 1
3659 1432 1
3660 6 1
3661 73 1
3662 1432 1
3663 25 1
3664 22 1
3664 169 1
3664 744 1
3665 872 1
3666 21 1
3667 872 1
3668 6 1
3669 23 1
3669 156 1
3669 323 1
3670 1433 1
3670 39 1
3671 364 1
3671 1310 1
3672 23 1
3672 21 1
3672 598 1
3673 21 1
3674 22 1
3675 23 1
3675 913 1
3675 431 1
3675 6 1
3675 21 1
3675 648 1
3675 1434 1
3675 117 1
3675 74 1
3675 1435 1
3675 244 1
3675 229 1
3675 0 1
3675 73 1
3675 460 1
3675 39 1
3675 591 1
3675 1315 1
3675 350 1
3675 1292 1
3675 123 1
3676 23 1
3677 324 1
3677 164 1
3678 6 1
3678 117 1
3678 25 1
3679 6 1
3680 1308 1
3681 22 1
3682 22 1
3682 286 1
3682 21 1
3682 240 1
3683 6 1
3684 6 1
3685 6 1
3686 923 1
3686 1334 1
3687 1384 1
3688 1436 1
3689 6 1
3689 25 1
3690 21 1
3690 246 1
3691 6 1
3692 323 1
3692 1420 1
3692 1437 1
3693 6 1
3694 6 1
3695 325 1
3696 23 1
3697 21 1
3697 883 1
3697 39 1
3697 308 1
3698 25 1
3699 735 1
3700 23 1
3700 25 1
3700 1135 1
3700 323 1
3700 1165 1
3701 156 1
3702 286 1
3702 872 1
3703 6 1
3704 21 1
3705 23 1
3705 25 1
3705 1055 1
3706 25 1
3707 6 1
3707 706 1
3708 23 1
3708 127 1
3708 25 1
3709 1345 1
3709 308 1
3710 123 1
3711 23 1
3712 23 1
3712 244 1
3713 23 1
3713 701 1
3713 123 1
3714 6 1
3714 229 1
3715 324 1
3715 156 1
3716 23 1
3716 6 1
3716 31 1
3716 30 1
3716 25 1
3716 703 1
3716 1147 1
3717 6 1
3717 30 1
3717 25 1
3717 1438 1
3718 30 1
3718 25 1
3718 1438 1
3719 294 1
3720 6 1
3721 6 1
3721 25 1
3722 169 1
3723 169 1
3724 156 1
3725 6 1
3726 6 1
3727 23 1
3727 249 1
3727 30 1
3727 1077 1
3728 6 1
3729 23 1
3730 6 1
3730 297 1
3730 324 1
3731 21 1
3732 431 1
3732 6 1
3733 6 1
3733 297 1
3733 1293 1
3734 22 1
3734 21 1
3734 45 1
3734 323 1
3735 6 1
3736 23 1
3736 1416 1
3736 1439 1
3737 6 1
3737 25 1
3737 1440 1
3738 156 1
3739 23 1
3739 21 1
3739 481 1
3740 21 1
3741 6 1
3741 325 1
3742 23 1
3742 327 1
3742 431 1
3742 127 1
3742 164 1
3742 21 1
3742 1103 1
3742 1135 1
3742 253 1
3742 1165 1
3742 1383 1
3743 490 1
3744 6 1
3744 325 1
3745 1441 1
3746 21 1
3746 545 1
3747 21 1
3747 1077 1
3748 364 1
3749 6 1
3750 6 1
3750 1361 1
3751 297 1
3751 39 1
3752 1135 1
3753 1442 1
3754 6 1
3754 21 1
3755 127 1
3755 1443 1
3756 68 1
3757 1444 1
3758 6 1
3759 23 1
3760 6 1
3760 1027 1
3762 253 1
3763 6 1
3764 1445 1
3765 855 1
3766 23 1
3766 1416 1
3766 1439 1
3767 23 1
3767 1446 1
3767 992 1
3767 229 1
3767 1315 1
3769 21 1
3770 25 1
3771 25 1
3772 23 1
3772 22 1
3772 21 1
3772 156 1
3772 249 1
3772 789 1
3772 1416 1
3772 1447 1
3772 1355 1
3772 1448 1
3772 1173 1
3773 6 1
3774 23 1
3775 21 1
3776 25 1
3776 1449 1
3777 156 1
3777 1449 1
3778 364 1
3779 1450 1
3780 6 1
3780 324 1
3780 229 1
3781 297 1
3782 6 1
3782 325 1
3783 6 1
3784 23 1
3785 21 1
3785 156 1
3786 6 1
3787 6 1
3788 6 1
3789 22 1
3789 74 1
3789 246 1
3789 325 1
3790 25 1
3791 161 1
3791 308 1
3792 1444 1
3793 23 1
3793 6 1
3794 493 1
3795 6 1
3795 21 1
3796 23 1
3797 169 1
3798 23 1
3799 6 1
3799 702 1
3800 30 1
3800 1391 1
3800 1451 1
3801 1445 1
3802 68 1
3803 738 1
3803 648 1
3804 1445 1
3805 6 1
3805 591 1
3806 6 1
3806 325 1
3807 286 1
3808 6 1
3808 49 1
3808 280 1
3808 487 1
3809 45 1
3809 1346 1
3810 6 1
3811 21 1
3812 1416 1
3812 45 1
3812 1346 1
3813 25 1
3813 308 1
3814 915 1
3814 1025 1
3814 1452 1
3814 1453 1
3815 898 1
3816 30 1
3817 324 1
3819 6 1
3820 6 1
3821 22 1
3821 286 1
3821 39 1
3822 6 1
3823 388 1
3824 156 1
3824 30 1
3824 1075 1
3824 1211 1
3825 286 1
3825 789 1
3825 694 1
3826 6 1
3827 80 1
3828 6 1
3829 1451 1
3830 6 1
3831 297 1
3832 1135 1
3833 6 1
3834 702 1
3835 1454 1
3836 23 1
3836 6 1
3836 117 1
3836 123 1
3837 6 1
3838 1455 1
3839 6 1
3839 1307 1
3839 30 1
3839 1327 1
3839 1354 1
3839 1266 1
3839 1077 1
3840 1456 1
3841 80 1
3841 286 1
3841 169 1
3841 761 1
3841 775 1
3842 324 1
3843 286 1
3844 22 1
3844 21 1
3844 545 1
3845 23 1
3845 896 1
3845 1457 1
3845 307 1
3845 1458 1
3845 1459 1
3845 244 1
3845 898 1
3845 899 1
3846 6 1
3846 21 1
3846 229 1
3847 23 1
3847 25 1
3847 1276 1
3848 23 1
3848 545 1
3849 22 1
3849 127 1
3849 21 1
3849 156 1
3849 82 1
3849 30 1
3849 1460 1
3849 954 1
3849 152 1
3850 23 1
3851 80 1
3852 6 1
3852 39 1
3852 308 1
3853 21 1
3853 991 1
3853 421 1
3854 6 1
3855 21 1
3856 872 1
3856 1461 1
3857 6 1
3858 286 1
3858 6 1
3858 21 1
3859 738 1
3859 648 1
3860 297 1
3861 1462 1
3862 1456 1
3863 578 1
3864 872 1
3866 6 1
3866 30 1
3867 6 1
3868 6 1
3868 449 1
3869 23 1
3869 22 1
3869 338 1
3869 748 1
3869 1188 1
3869 21 1
3869 156 1
3869 30 1
3869 25 1
3869 244 1
3869 328 1
3869 0 1
3869 437 1
3869 1135 1
3870 6 1
3870 597 1
3871 25 1
3872 6 1
3873 748 1
3874 23 1
3874 748 1
3874 286 1
3874 21 1
3874 156 1
3874 30 1
3874 25 1
3874 1463 1
3874 36 1
3874 1077 1
3874 898 1
3875 1444 1
3876 664 1
3877 21 1
3878 545 1
3879 25 1
3880 22 1
3881 1455 1
3882 707 1
3883 117 1
3884 21 1
3884 325 1
3885 21 1
3886 6 1
3886 169 1
3887 6 1
3888 6 1
3889 126 1
3890 6 1
3891 127 1
3891 1420 1
3893 126 1
3894 155 1
3894 39 1
3894 248 1
3894 1464 1
3894 1465 1
3894 1466 1
3895 164 1
3895 328 1
3896 249 1
3896 789 1
3897 6 1
3898 21 1
3898 156 1
3898 1416 1
3898 244 1
3899 22 1
3899 271 1
3899 388 1
3899 919 1
3899 1467 1
3900 21 1
3901 1454 1
3902 23 1
3902 327 1
3902 22 1
3902 748 1
3902 6 1
3902 164 1
3902 21 1
3902 991 1
3902 30 1
3902 916 1
3902 25 1
3902 1468 1
3902 1469 1
3902 460 1
3902 1135 1
3902 1470 1
3902 1212 1
3902 123 1
3903 286 1
3903 297 1
3904 880 1
3905 21 1
3905 363 1
3905 244 1
3905 816 1
3905 1471 1
3905 1398 1
3905 1472 1
3905 1473 1
3905 1474 1
3905 514 1
3905 718 1
3905 51 1
3905 1475 1
3906 1476 1
3906 598 1
3907 39 1
3907 63 1
3908 1286 1
3908 702 1
3909 6 1
3909 117 1
3909 735 1
3909 229 1
3910 6 1
3910 169 1
3911 1477 1
3913 6 1
3913 21 1
3914 286 1
3915 6 1
3916 25 1
3916 1478 1
3917 6 1
3917 25 1
3918 6 1
3918 117 1
3918 702 1
3918 1293 1
3919 748 1
3919 127 1
3919 6 1
3919 1433 1
3919 328 1
3919 523 1
3920 297 1
3921 748 1
3922 21 1
3923 271 1
3924 22 1
3924 286 1
3924 6 1
3926 6 1
3927 748 1
3927 346 1
3928 6 1
3929 286 1
3930 6 1
3930 223 1
3931 6 1
3932 23 1
3932 748 1
3933 103 1
3934 21 1
3935 6 1
3936 872 1
3937 25 1
3938 872 1
3939 6 1
3940 23 1
3941 161 1
3942 6 1
3943 21 1
3943 1479 1
3943 706 1
3943 863 1
3944 1468 1
3944 1480 1
3944 1370 1
3946 22 1
3947 23 1
3947 127 1
3948 1481 1
3949 23 1
3949 6 1
3949 30 1
3950 21 1
3950 30 1
3950 45 1
3950 707 1
3950 1211 1
3951 872 1
3952 23 1
3952 896 1
3952 872 1
3952 30 1
3953 6 1
3954 6 1
3955 6 1
3955 117 1
3955 591 1
3956 22 1
3957 872 1
3958 6 1
3959 80 1
3959 25 1
3960 872 1
3961 80 1
3961 291 1
3961 984 1
3961 665 1
3962 872 1
3962 545 1
3963 6 1
3963 21 1
3964 25 1
3965 21 1
3965 702 1
3965 421 1
3967 6 1
3967 25 1
3968 6 1
3969 591 1
3970 6 1
3971 164 1
3971 21 1
3971 25 1
3972 30 1
3973 21 1
3973 156 1
3974 6 1
3975 6 1
3976 23 1
3977 6 1
3978 21 1
3979 1482 1
3980 1483 1
3981 1211 1
3982 6 1
3982 155 1
3984 23 1
3985 1484 1
3986 6 1
3986 21 1
3986 229 1
3986 123 1
3987 872 1
3988 127 1
3988 164 1
3989 161 1
3991 6 1
3992 6 1
3993 144 1
3994 23 1
3994 6 1
3994 297 1
3994 21 1
3994 1485 1
3994 1293 1
3995 25 1
3995 1463 1
3995 1486 1
3995 437 1
3995 1135 1
3996 277 1
3996 1487 1
3996 1337 1
3996 1307 1
3996 1488 1
3996 30 1
3996 702 1
3996 1489 1
3996 25 1
3996 328 1
3996 704 1
3996 1490 1
3996 1468 1
3996 1491 1
3996 460 1
3996 1492 1
3996 1341 1
3996 1493 1
3996 1494 1
3996 1390 1
3996 1135 1
3996 1370 1
3996 1470 1
3996 1211 1
3996 1495 1
3997 22 1
3997 286 1
3997 271 1
3998 6 1
3999 82 1
3999 545 1
4000 127 1
4001 6 1
4002 286 1
4002 31 1
4003 6 1
4003 297 1
4003 325 1
4004 23 1
4004 431 1
4004 127 1
4004 164 1
4004 21 1
4004 156 1
4004 701 1
4004 65 1
4004 45 1
4005 21 1
4005 545 1
4006 1496 1
4007 23 1
4008 726 1
4009 21 1
4009 1468 1
4009 460 1
4009 1494 1
4010 6 1
4010 297 1
4010 324 1
4010 1497 1
4011 286 1
4011 6 1
4012 6 1
4012 0 1
4013 23 1
4013 6 1
4013 30 1
4014 855 1
4014 1498 1
4015 324 1
4016 6 1
4017 1499 1
4017 297 1
4018 22 1
4018 286 1
4018 271 1
4019 39 1
4019 1376 1
4020 1126 1
4021 1500 1
4022 6 1
4022 664 1
4023 6 1
4024 127 1
4024 6 1
4024 325 1
4025 6 1
4026 481 1
4027 6 1
4027 117 1
4027 229 1
4028 23 1
4028 748 1
4028 21 1
4028 156 1
4028 271 1
4028 25 1
4028 328 1
4028 792 1
4028 1486 1
4029 21 1
4029 156 1
4029 45 1
4029 1355 1
4029 323 1
4030 164 1
4030 21 1
4031 21 1
4031 328 1
4032 1375 1
4033 22 1
4034 913 1
4034 25 1
4034 1315 1
4035 21 1
4035 545 1
4036 297 1
4036 229 1
4037 23 1
4037 21 1
4037 1501 1
4037 855 1
4037 481 1
4038 21 1
4039 166 1
4040 327 1
4040 6 1
4040 1164 1
4041 25 1
4041 1471 1
4041 1486 1
4042 6 1
4043 6 1
4044 25 1
4045 25 1
4046 567 1
4046 1502 1
4047 291 1
4047 984 1
4047 775 1
4048 23 1
4048 327 1
4048 127 1
4048 164 1
4048 1157 1
4049 21 1
4049 246 1
4050 25 1
4050 1463 1
4051 1211 1
4052 283 1
4052 249 1
4052 30 1
4052 789 1
4052 25 1
4052 1266 1
4052 311 1
4054 324 1
4054 648 1
4054 992 1
4054 1247 1
4054 996 1
4055 6 1
4055 74 1
4056 297 1
4056 49 1
4056 598 1
4057 6 1
4058 6 1
4059 327 1
4059 748 1
4059 156 1
4059 25 1
4060 22 1
4061 6 1
4062 22 1
4063 21 1
4063 701 1
4063 169 1
4064 6 1
4065 6 1
4066 1500 1
4067 6 1
4068 702 1
4069 1334 1
4069 1503 1
4070 6 1
4071 6 1
4071 1504 1
4071 229 1
4071 325 1
4071 123 1
4072 872 1
4072 1505 1
4073 1506 1
4074 1506 1
4075 39 1
4076 6 1
4077 872 1
4078 74 1
4078 1476 1
4079 23 1
4079 748 1
4080 6 1
4081 23 1
4082 6 1
4083 6 1
4085 244 1
4086 22 1
4087 6 1
4087 0 1
4087 1277 1
4088 6 1
4088 30 1
4089 6 1
4090 6 1
4091 23 1
4091 1391 1
4092 6 1
4093 23 1
4093 324 1
4093 164 1
4093 21 1
4094 6 1
4095 598 1
4096 6 1
4097 6 1
4098 493 1
4099 23 1
4099 6 1
4099 1507 1
4100 748 1
4100 1508 1
4100 25 1
4100 328 1
4101 30 1
4102 23 1
4103 6 1
4103 21 1
4103 74 1
4104 25 1
4105 872 1
4105 1505 1
4106 163 1
4106 1509 1
4107 22 1
4108 277 1
4108 6 1
4109 6 1
4109 249 1
4109 30 1
4110 6 1
4111 748 1
4112 6 1
4112 1510 1
4113 25 1
4113 126 1
4114 22 1
4114 1442 1
4115 25 1
4115 39 1
4116 79 1
4117 6 1
4117 648 1
4117 30 1
4118 23 1
4118 30 1
4118 25 1
4118 1077 1
4119 23 1
4119 748 1
4119 286 1
4119 21 1
4119 156 1
4119 25 1
4119 1463 1
4119 36 1
4119 898 1
4120 23 1
4120 748 1
4120 21 1
4120 25 1
4120 1463 1
4120 36 1
4120 898 1
4121 6 1
4121 449 1
4122 22 1
4122 21 1
4122 156 1
4122 45 1
4123 6 1
4124 23 1
4125 23 1
4126 286 1
4126 127 1
4126 164 1
4126 21 1
4126 1286 1
4126 701 1
4126 1270 1
4126 1511 1
4126 789 1
4127 6 1
4128 431 1
4129 22 1
4129 789 1
4130 23 1
4131 6 1
4132 23 1
4132 6 1
4133 39 1
4134 6 1
4135 21 1
4136 1512 1
4137 6 1
4137 388 1
4138 39 1
4139 25 1
4139 1484 1
4140 1513 1
4141 21 1
4142 855 1
4142 154 1
4143 1376 1
4144 6 1
4145 22 1
4146 169 1
4147 1259 1
4147 323 1
4148 23 1
4148 872 1
4149 6 1
4150 701 1
4150 1416 1
4151 23 1
4151 6 1
4151 30 1
4151 25 1
4152 6 1
4153 23 1
4153 913 1
4153 22 1
4153 431 1
4153 164 1
4153 21 1
4153 156 1
4153 82 1
4153 25 1
4153 1207 1
4153 707 1
4153 1211 1
4153 123 1
4153 83 1
4153 745 1
4154 39 1
4155 1132 1
4156 22 1
4156 286 1
4156 789 1
4156 490 1
4157 872 1
4157 30 1
4157 1341 1
4157 1354 1
4157 1077 1
4158 6 1
4159 6 1
4159 648 1
4160 1513 1
4161 6 1
4162 23 1
4162 25 1
4163 25 1
4164 915 1
4165 872 1
4166 156 1
4167 6 1
4168 6 1
4168 648 1
4169 6 1
4170 23 1
4170 6 1
4171 6 1
4172 6 1
4173 6 1
4173 1391 1
4174 164 1
4174 21 1
4174 702 1
4174 1469 1
4176 6 1
4177 6 1
4178 6 1
4178 117 1
4179 22 1
4179 748 1
4179 1514 1
4179 328 1
4180 748 1
4181 6 1
4181 811 1
4182 22 1
4182 286 1
4183 6 1
4184 6 1
4184 74 1
4185 1135 1
4186 6 1
4187 21 1
4189 21 1
4189 702 1
4190 431 1
4190 286 1
4190 21 1
4190 1515 1
4190 1516 1
4190 789 1
4190 1416 1
4191 6 1
4192 6 1
4193 6 1
4194 6 1
4195 127 1
4195 164 1
4195 74 1
4195 1517 1
4195 490 1
4195 1433 1
4195 246 1
4195 1277 1
4195 1077 1
4195 1518 1
4196 22 1
4197 6 1
4197 73 1
4198 6 1
4198 1141 1
4199 6 1
4199 297 1
4200 6 1
4201 6 1
4202 23 1
4202 748 1
4202 30 1
4202 25 1
4202 328 1
4202 36 1
4202 1135 1
4203 6 1
4204 748 1
4204 25 1
4205 156 1
4205 1447 1
4206 872 1
4207 271 1
4208 127 1
4209 872 1
4210 286 1
4211 1519 1
4211 364 1
4211 188 1
4211 915 1
4211 31 1
4211 1520 1
4211 816 1
4211 858 1
4211 684 1
4212 6 1
4212 25 1
4212 1315 1
4213 6 1
4214 1513 1
4215 431 1
4215 6 1
4215 1147 1
4216 872 1
4217 915 1
4218 6 1
4218 1295 1
4219 6 1
4219 591 1
4220 6 1
4221 1225 1
4222 6 1
4222 634 1
4223 6 1
4223 648 1
4223 1315 1
4224 872 1
4224 702 1
4225 23 1
4225 338 1
4226 6 1
4227 30 1
4228 297 1
4229 6 1
4230 21 1
4231 6 1
4232 23 1
4232 6 1
4232 21 1
4232 648 1
4232 578 1
4232 229 1
4232 421 1
4232 123 1
4233 6 1
4233 0 1
4234 6 1
4235 6 1
4236 748 1
4236 164 1
4236 991 1
4237 31 1
4238 1135 1
4239 297 1
4240 6 1
4241 6 1
4242 6 1
4243 23 1
4243 6 1
4243 324 1
4243 21 1
4244 22 1
4244 1433 1
4245 186 1
4246 323 1
4247 22 1
4247 286 1
4247 1032 1
4248 324 1
4248 1480 1
4249 286 1
4249 872 1
4250 23 1
4250 286 1
4250 25 1
4250 155 1
4250 154 1
4250 1287 1
4250 123 1
4250 1273 1
4250 153 1
4250 248 1
4250 165 1
4250 1159 1
4251 25 1
4252 6 1
4252 39 1
4253 23 1
4253 6 1
4254 872 1
4255 1521 1
4256 286 1
4256 164 1
4256 188 1
4256 31 1
4256 1522 1
4256 811 1
4256 25 1
4256 558 1
4256 816 1
4257 545 1
4258 286 1
4258 6 1
4259 23 1
4259 30 1
4259 25 1
4259 1440 1
4260 1025 1
4260 1500 1
4261 25 1
4262 6 1
4262 648 1
4263 127 1
4263 21 1
4263 169 1
4264 286 1
4265 431 1
4265 6 1
4265 1147 1
4266 6 1
4266 156 1
4267 22 1
4267 1055 1
4268 324 1
4268 648 1
4268 992 1
4269 1523 1
4269 1524 1
4270 6 1
4271 694 1
4272 21 1
4273 6 1
4274 6 1
4275 6 1
4276 39 1
4277 127 1
4277 164 1
4277 352 1
4278 186 1
4279 6 1
4280 25 1
4280 1463 1
4280 1486 1
4281 23 1
4281 283 1
4281 21 1
4281 1348 1
4281 156 1
4281 249 1
4281 789 1
4282 21 1
4283 127 1
4283 164 1
4284 6 1
4284 117 1
4285 6 1
4285 21 1
4285 1349 1
4285 648 1
4285 992 1
4286 6 1
4286 21 1
4287 1525 1
4288 6 1
4289 21 1
4290 702 1
4291 6 1
4292 1505 1
4293 23 1
4293 327 1
4293 21 1
4293 156 1
4293 246 1
4294 23 1
4294 1277 1
4295 6 1
4296 872 1
4296 1505 1
4297 39 1
4298 21 1
4298 156 1
4299 25 1
4300 6 1
4300 25 1
4301 127 1
4301 21 1
4302 103 1
4302 6 1
4303 23 1
4304 249 1
4304 789 1
4305 872 1
4306 1367 1
4307 297 1
4308 23 1
4308 327 1
4308 21 1
4309 6 1
4310 872 1
4311 6 1
4312 6 1
4312 0 1
4313 22 1
4313 21 1
4313 1416 1
4313 45 1
4314 872 1
4315 6 1
4315 648 1
4316 6 1
4316 117 1
4317 21 1
4318 6 1
4319 872 1
4319 1505 1
4320 23 1
4321 6 1
4321 648 1
4321 1526 1
4322 21 1
4322 244 1
4323 872 1
4324 6 1
4325 1527 1
4326 1527 1
4327 6 1
4327 648 1
4327 664 1
4327 388 1
4327 585 1
4328 1527 1
4329 21 1
4329 328 1
4330 748 1
4330 872 1
4331 6 1
4331 249 1
4332 1446 1
4332 25 1
4332 1486 1
4333 1528 1
4333 872 1
4334 21 1
4334 156 1
4334 545 1
4334 45 1
4335 6 1
4336 297 1
4337 702 1
4338 297 1
4338 1446 1
4339 23 1
4339 21 1
4340 453 1
4341 1529 1
4341 1442 1
4342 1530 1
4343 22 1
4343 286 1
4343 127 1
4343 21 1
4343 490 1
4344 23 1
4344 164 1
4344 21 1
4345 6 1
4346 748 1
4347 6 1
4348 1496 1
4349 872 1
4350 6 1
4350 1315 1
4351 286 1
4352 6 1
4352 117 1
4353 39 1
4354 6 1
4355 1531 1
4355 364 1
4355 1532 1
4356 872 1
4357 169 1
4358 23 1
4359 286 1
4359 6 1
4360 1533 1
4360 25 1
4361 1533 1
4363 1534 1
4364 6 1
4365 297 1
4366 25 1
4367 6 1
4368 23 1
4369 23 1
4369 338 1
4369 1487 1
4369 21 1
4369 896 1
4369 1457 1
4369 363 1
4369 1326 1
4369 1535 1
4369 30 1
4369 1527 1
4369 1458 1
4369 244 1
4369 897 1
4369 460 1
4369 1471 1
4369 1536 1
4369 1492 1
4369 1284 1
4369 1486 1
4369 1266 1
4369 1537 1
4369 1390 1
4369 1355 1
4369 1135 1
4369 898 1
4369 899 1
4369 1470 1
4369 1276 1
4370 23 1
4371 421 1
4372 872 1
4372 1527 1
4373 6 1
4373 117 1
4373 789 1
4373 1144 1
4374 21 1
4375 21 1
4376 21 1
4377 21 1
4377 156 1
4377 1416 1
4377 244 1
4378 6 1
4379 872 1
4380 1512 1
4381 6 1
4382 271 1
4383 6 1
4383 1293 1
4384 6 1
4385 23 1
4385 21 1
4385 545 1
4386 117 1
4386 249 1
4386 735 1
4386 789 1
4386 1051 1
4387 6 1
4388 297 1
4389 297 1
4389 30 1
4390 297 1
4391 297 1
4393 1241 1
4393 1150 1
4393 249 1
4393 789 1
4393 1224 1
4394 297 1
4395 1499 1
4395 297 1
4396 25 1
4396 1103 1
4396 1413 1
4397 1527 1
4398 328 1
4398 1538 1
4399 297 1
4399 1539 1
4399 1400 1
4400 1540 1
4401 22 1
4401 6 1
4402 127 1
4402 421 1
4402 308 1
4403 872 1
4403 1525 1
4404 21 1
4405 127 1
4405 21 1
4405 701 1
4405 792 1
4405 923 1
4406 23 1
4407 872 1
4408 6 1
4409 6 1
4410 22 1
4410 6 1
4411 6 1
4411 531 1
4412 6 1
4413 872 1
4414 6 1
4414 1379 1
4414 1541 1
4415 297 1
4416 453 1
4417 297 1
4418 6 1
4419 25 1
4420 23 1
4420 327 1
4420 431 1
4420 6 1
4420 297 1
4420 324 1
4420 21 1
4420 1446 1
4420 992 1
4420 438 1
4420 531 1
4420 117 1
4420 352 1
4420 1147 1
4421 22 1
4421 6 1
4422 22 1
4422 286 1
4422 164 1
4423 453 1
4424 872 1
4425 748 1
4425 1353 1
4426 431 1
4426 531 1
4427 6 1
4428 1103 1
4429 297 1
4429 1479 1
4430 25 1
4430 1538 1
4431 6 1
4432 297 1
4433 1534 1
4434 22 1
4434 286 1
4434 1032 1
4435 1527 1
4436 156 1
4437 1329 1
4437 25 1
4437 437 1
4438 23 1
4438 872 1
4439 6 1
4440 6 1
4441 1033 1
4442 6 1
4442 156 1
4443 913 1
4443 748 1
4443 21 1
4443 156 1
4443 388 1
4443 25 1
4443 328 1
4443 36 1
4443 1484 1
4443 437 1
4443 1135 1
4444 1542 1
4445 6 1
4446 6 1
4446 1481 1
4447 21 1
4447 156 1
4447 82 1
4448 338 1
4448 6 1
4448 1353 1
4448 30 1
4448 25 1
4448 39 1
4449 6 1
4449 1419 1
4450 22 1
4450 1368 1
4450 271 1
4450 240 1
4450 694 1
4451 22 1
4451 286 1
4451 271 1
4452 1534 1
4453 297 1
4454 23 1
4454 25 1
4455 6 1
4456 1534 1
4457 6 1
4458 23 1
4459 189 1
4459 188 1
4460 127 1
4460 6 1
4460 21 1
4461 23 1
4461 1527 1
4462 297 1
4463 76 1
4463 789 1
4463 1543 1
4464 597 1
4465 22 1
4465 324 1
4466 388 1
4466 450 1
4467 453 1
4469 1497 1
4470 297 1
4471 286 1
4471 6 1
4472 249 1
4473 21 1
4473 74 1
4474 297 1
4474 324 1
4474 117 1
4475 872 1
4476 39 1
4476 1135 1
4477 481 1
4478 22 1
4479 21 1
4479 1416 1
4480 6 1
4481 6 1
4481 21 1
4482 6 1
4483 297 1
4483 1325 1
4483 1544 1
4483 1400 1
4484 271 1
4484 789 1
4485 6 1
4486 25 1
4487 6 1
4488 164 1
4489 177 1
4489 872 1
4489 39 1
4490 6 1
4491 297 1
4492 6 1
4493 30 1
4493 1486 1
4494 177 1
4494 327 1
4494 748 1
4494 127 1
4494 1027 1
4494 25 1
4494 1259 1
4494 263 1
4495 23 1
4495 177 1
4495 449 1
4495 21 1
4495 597 1
4496 186 1
4497 297 1
4498 297 1
4499 6 1
4500 6 1
4501 6 1
4501 117 1
4501 1481 1
4502 286 1
4502 1545 1
4503 6 1
4503 169 1
4504 23 1
4504 913 1
4504 164 1
4504 169 1
4504 1501 1
4505 1138 1
4506 22 1
4507 30 1
4507 1527 1
4508 6 1
4509 297 1
4510 297 1
4511 6 1
4512 297 1
4513 22 1
4513 286 1
4513 21 1
4513 30 1
4514 30 1
4514 1524 1
4514 1546 1
4515 297 1
4515 1325 1
4515 1544 1
4515 1479 1
4515 1547 1
4515 1400 1
4516 297 1
4517 872 1
4518 156 1
4518 45 1
4519 30 1
4519 25 1
4520 36 1
4521 6 1
4522 6 1
4522 21 1
4522 39 1
4523 453 1
4524 324 1
4524 117 1
4525 6 1
4526 453 1
4527 6 1
4528 23 1
4528 177 1
4528 748 1
4528 21 1
4528 352 1
4528 328 1
4529 249 1
4529 789 1
4530 6 1
4531 23 1
4532 6 1
4532 1147 1
4534 21 1
4535 6 1
4536 6 1
4536 21 1
4536 74 1
4538 23 1
4539 22 1
4539 286 1
4539 991 1
4539 74 1
4539 169 1
4539 490 1
4539 694 1
4540 249 1
4540 789 1
4541 164 1
4542 177 1
4542 872 1
4542 39 1
4543 598 1
4544 1141 1
4544 1527 1
4545 1343 1
4545 1402 1
4546 127 1
4547 789 1
4548 1496 1
4549 297 1
4549 991 1
4550 453 1
4551 6 1
4551 1343 1
4552 297 1
4553 297 1
4554 297 1
4555 872 1
4555 328 1
4556 6 1
4557 1527 1
4558 297 1
4558 117 1
4558 1548 1
4559 6 1
4559 297 1
4560 6 1
4561 156 1
4561 82 1
4562 156 1
4563 127 1
4564 6 1
4565 6 1
4566 453 1
4567 1545 1
4567 872 1
4568 297 1
4569 6 1
4569 1207 1
4570 6 1
4571 6 1
4571 21 1
4571 74 1
4572 6 1
4573 453 1
4574 1527 1
4575 1527 1
4576 23 1
4576 21 1
4576 156 1
4577 286 1
4577 127 1
4577 352 1
4578 127 1
4578 6 1
4578 249 1
4579 773 1
4580 6 1
4581 21 1
4582 453 1
4583 156 1
4583 872 1
4583 30 1
4584 22 1
4584 6 1
4584 73 1
4585 6 1
4586 23 1
4586 297 1
4586 117 1
4587 6 1
4587 449 1
4588 6 1
4589 22 1
4589 1549 1
4589 21 1
4589 1141 1
4590 1486 1
4591 6 1
4592 21 1
4592 1489 1
4593 872 1
4593 1527 1
4594 286 1
4594 21 1
4595 585 1
4595 1550 1
4596 531 1
4596 520 1
4596 1551 1
4597 21 1
4598 297 1
4599 286 1
4599 156 1
4600 286 1
4600 6 1
4600 30 1
4601 21 1
4601 352 1
4601 789 1
4601 328 1
4602 21 1
4603 286 1
4603 6 1
4604 6 1
4604 1278 1
4604 117 1
4605 6 1
4605 21 1
4606 22 1
4606 286 1
4606 1368 1
4606 694 1
4607 6 1
4608 6 1
4608 246 1
4609 6 1
4610 22 1
4610 30 1
4610 490 1
4610 491 1
4611 6 1
4612 1141 1
4612 1524 1
4612 1546 1
4613 22 1
4614 453 1
4615 6 1
4616 271 1
4616 491 1
4617 23 1
4617 22 1
4617 748 1
4617 286 1
4617 127 1
4617 164 1
4617 21 1
4617 991 1
4617 240 1
4617 328 1
4618 453 1
4619 21 1
4620 6 1
4621 6 1
4622 6 1
4623 6 1
4623 74 1
4624 6 1
4625 6 1
4626 327 1
4626 748 1
4626 127 1
4626 164 1
4627 22 1
4627 286 1
4627 271 1
4628 6 1
4629 915 1
4630 6 1
4631 6 1
4631 1278 1
4632 6 1
4633 6 1
4634 453 1
4635 22 1
4635 65 1
4635 1552 1
4636 6 1
4637 1527 1
4638 328 1
4639 6 1
4639 21 1
4640 1527 1
4640 1077 1
4641 23 1
4642 156 1
4643 164 1
4644 271 1
4645 6 1
4645 297 1
4645 229 1
4646 6 1
4647 6 1
4648 127 1
4648 6 1
4649 21 1
4650 858 1
4651 6 1
4652 6 1
4653 1315 1
4654 246 1
4655 6 1
4656 6 1
4656 1289 1
4657 236 1
4657 6 1
4657 1133 1
4657 74 1
4659 23 1
4659 6 1
4659 324 1
4659 1278 1
4659 531 1
4659 117 1
4659 578 1
4659 1447 1
4660 6 1
4661 6 1
4662 6 1
4663 297 1
4664 286 1
4664 6 1
4665 6 1
4665 364 1
4666 23 1
4666 913 1
4666 748 1
4666 21 1
4666 156 1
4666 25 1
4666 328 1
4666 36 1
4666 1484 1
4667 271 1
4668 328 1
4668 39 1
4669 6 1
4669 117 1
4670 789 1
4671 22 1
4671 1144 1
4671 461 1
4672 1545 1
4673 6 1
4673 1517 1
4674 453 1
4675 297 1
4676 23 1
4676 21 1
4676 1337 1
4676 30 1
4676 702 1
4677 286 1
4678 6 1
4679 6 1
4680 6 1
4681 453 1
4682 297 1
4683 6 1
4684 324 1
4685 6 1
4686 6 1
4687 915 1
4688 453 1
4689 602 1
4690 23 1
4690 6 1
4691 21 1
4692 813 1
4693 6 1
4693 117 1
4694 23 1
4695 520 1
4695 1289 1
4696 872 1
4697 127 1
4698 244 1
4699 271 1
4700 6 1
4700 31 1
4700 74 1
4701 23 1
4701 22 1
4701 164 1
4701 1286 1
4702 22 1
4702 286 1
4702 6 1
4703 694 1
4704 286 1
4705 6 1
4706 164 1
4706 1483 1
4707 6 1
4708 6 1
4709 6 1
4709 21 1
4709 246 1
4710 6 1
4711 21 1
4712 6 1
4712 31 1
4712 1481 1
4712 597 1
4713 328 1
4714 453 1
4715 21 1
4716 23 1
4717 22 1
4717 421 1
4718 6 1
4719 249 1
4719 789 1
4720 22 1
4721 22 1
4721 286 1
4722 6 1
4723 6 1
4724 297 1
4725 21 1
4726 22 1
4726 6 1
4726 21 1
4727 22 1
4727 74 1
4727 789 1
4727 246 1
4728 6 1
4729 80 1
4729 761 1
4730 6 1
4731 23 1
4731 22 1
4731 6 1
4731 21 1
4731 1553 1
4732 1554 1
4733 127 1
4733 6 1
4734 286 1
4735 6 1
4736 6 1
4736 249 1
4737 286 1
4737 6 1
4738 1555 1
4739 297 1
4739 249 1
4740 1542 1
4741 520 1
4741 1289 1
4742 271 1
4742 1032 1
4743 297 1
4744 23 1
4745 453 1
4745 1216 1
4746 23 1
4746 21 1
4746 701 1
4746 1468 1
4747 21 1
4747 701 1
4748 6 1
4749 240 1
4750 453 1
4751 453 1
4752 21 1
4753 22 1
4753 748 1
4753 127 1
4754 23 1
4754 22 1
4754 748 1
4754 6 1
4754 21 1
4754 25 1
4755 6 1
4756 453 1
4757 913 1
4757 6 1
4757 1349 1
4757 117 1
4758 453 1
4759 6 1
4760 23 1
4760 21 1
4760 896 1
4760 363 1
4760 1535 1
4760 30 1
4760 1556 1
4760 244 1
4760 792 1
4760 816 1
4760 1471 1
4761 23 1
4762 23 1
4762 6 1
4762 811 1
4763 6 1
4764 991 1
4764 1557 1
4765 6 1
4765 297 1
4766 6 1
4767 6 1
4767 117 1
4767 39 1
4768 30 1
4768 558 1
4769 286 1
4769 6 1
4770 297 1
4771 6 1
4771 1379 1
4771 872 1
4772 22 1
4772 25 1
4773 249 1
4773 789 1
4774 23 1
4774 327 1
4774 22 1
4774 748 1
4774 286 1
4774 21 1
4775 6 1
4776 6 1
4777 22 1
4777 872 1
4778 23 1
4778 327 1
4778 22 1
4778 286 1
4778 6 1
4778 21 1
4778 1558 1
4779 6 1
4780 164 1
4781 6 1
4782 74 1
4783 6 1
4784 1559 1
4785 1542 1
4786 23 1
4787 327 1
4787 748 1
4787 1216 1
4788 6 1
4788 597 1
4789 6 1
4790 324 1
4791 23 1
4791 164 1
4791 21 1
4791 1337 1
4791 701 1
4792 6 1
4793 297 1
4794 23 1
4794 6 1
4795 297 1
4797 271 1
4798 23 1
4799 6 1
4800 493 1
4801 291 1
4801 6 1
4801 984 1
4801 664 1
4802 22 1
4803 6 1
4803 1560 1
4804 6 1
4805 22 1
4805 21 1
4806 364 1
4807 6 1
4808 25 1
4808 1463 1
4810 6 1
4810 30 1
4810 1561 1
4811 6 1
4811 21 1
4811 1489 1
4812 453 1
4813 271 1
4814 23 1
4814 155 1
4815 453 1
4816 297 1
4817 21 1
4818 6 1
4819 6 1
4819 169 1
4820 1141 1
4820 246 1
4821 297 1
4822 1374 1
4823 23 1
4823 22 1
4823 286 1
4823 21 1
4824 23 1
4824 22 1
4824 21 1
4825 6 1
4826 915 1
4827 23 1
4827 21 1
4827 1337 1
4827 701 1
4827 702 1
4827 1468 1
4827 1469 1
4828 1307 1
4829 453 1
4830 1307 1
4831 6 1
4832 6 1
4832 328 1
4833 6 1
4834 249 1
4835 6 1
4836 22 1
4836 21 1
4836 1522 1
4837 22 1
4837 1368 1
4837 271 1
4837 240 1
4837 1562 1
4838 23 1
4839 1563 1
4840 6 1
4841 127 1
4842 6 1
4842 30 1
4844 277 1
4844 6 1
4845 1133 1
4846 6 1
4846 156 1
4846 83 1
4847 324 1
4848 286 1
4848 127 1
4848 6 1
4849 453 1
4850 6 1
4851 6 1
4851 74 1
4852 6 1
4852 1379 1
4853 1368 1
4854 748 1
4854 1514 1
4854 953 1
4854 240 1
4854 328 1
4855 21 1
4856 21 1
4857 25 1
4858 6 1
4859 297 1
4860 249 1
4861 6 1
4862 127 1
4862 1306 1
4863 6 1
4863 169 1
4864 6 1
4864 297 1
4864 249 1
4864 789 1
4864 1564 1
4865 701 1
4866 453 1
4867 363 1
4867 30 1
4868 103 1
4868 6 1
4869 6 1
4870 6 1
4871 6 1
4872 22 1
4873 6 1
4873 169 1
4874 23 1
4874 327 1
4875 6 1
4876 127 1
4876 229 1
4876 246 1
4877 324 1
4878 6 1
4879 21 1
4880 6 1
4881 324 1
4882 23 1
4882 6 1
4882 30 1
4883 1565 1
4883 25 1
4884 164 1
4884 991 1
4884 323 1
4885 1566 1
4886 6 1
4887 277 1
4887 453 1
4888 6 1
4888 117 1
4889 22 1
4889 1252 1
4889 169 1
4890 453 1
4891 6 1
4892 286 1
4892 775 1
4893 324 1
4893 388 1
4894 286 1
4895 277 1
4895 127 1
4895 164 1
4895 1286 1
4896 6 1
4897 1077 1
4897 634 1
4897 1211 1
4898 23 1
4898 127 1
4898 164 1
4898 21 1
4898 701 1
4899 23 1
4899 6 1
4900 6 1
4901 127 1
4902 6 1
4903 6 1
4903 1402 1
4904 6 1
4905 297 1
4906 103 1
4906 6 1
4907 30 1
4908 249 1
4909 23 1
4909 1567 1
4909 244 1
4910 189 1
4910 25 1
4911 6 1
4912 23 1
4912 22 1
4912 21 1
4912 156 1
4912 82 1
4913 65 1
4914 127 1
4914 164 1
4914 1027 1
4915 156 1
4915 30 1
4916 6 1
4917 6 1
4918 6 1
4919 23 1
4919 6 1
4919 117 1
4919 229 1
4920 23 1
4920 6 1
4920 229 1
4922 6 1
4923 6 1
4924 6 1
4925 297 1
4926 1141 1
4927 6 1
4928 6 1
4929 23 1
4929 6 1
4930 21 1
4931 30 1
4931 1336 1
4932 22 1
4932 872 1
4932 1141 1
4933 23 1
4933 6 1
4933 324 1
4933 169 1
4934 991 1
4935 127 1
4936 23 1
4936 431 1
4936 324 1
4937 6 1
4938 22 1
4938 271 1
4939 286 1
4940 23 1
4941 6 1
4941 1147 1
4943 6 1
4944 6 1
4945 6 1
4946 6 1
4947 6 1
4948 364 1
4948 30 1
4949 6 1
4950 324 1
4950 450 1
4951 297 1
4951 1325 1
4951 870 1
4952 6 1
4953 6 1
4953 25 1
4954 6 1
4955 291 1
4955 6 1
4955 511 1
4955 1446 1
4955 664 1
4956 328 1
4957 297 1
4958 189 1
4959 22 1
4959 789 1
4961 21 1
4962 21 1
4962 156 1
4963 6 1
4964 6 1
4965 6 1
4966 23 1
4966 431 1
4966 280 1
4967 6 1
4967 21 1
4968 6 1
4969 31 1
4969 1255 1
4970 23 1
4970 21 1
4970 953 1
4971 1270 1
4971 1385 1
4972 23 1
4972 6 1
4973 22 1
4974 164 1
4975 748 1
4975 6 1
4976 21 1
4977 450 1
4979 127 1
4979 21 1
4980 297 1
4981 338 1
4981 6 1
4982 22 1
4983 25 1
4984 187 1
4984 188 1
4984 186 1
4984 185 1
4985 23 1
4985 324 1
4985 21 1
4985 648 1
4985 578 1
4985 493 1
4985 1447 1
4986 6 1
4986 249 1
4986 169 1
4987 23 1
4987 324 1
4988 6 1
4989 22 1
4989 286 1
4990 6 1
4991 297 1
4992 913 1
4992 431 1
4992 1349 1
4992 352 1
4993 23 1
4993 6 1
4994 23 1
4994 22 1
4994 338 1
4994 127 1
4994 164 1
4994 21 1
4994 31 1
4995 25 1
4996 23 1
4996 22 1
4996 286 1
4996 6 1
4996 21 1
4996 249 1
4996 352 1
4996 30 1
4996 246 1
4996 123 1
4997 189 1
4998 6 1
4999 21 1
5000 6 1
5001 6 1
5002 6 1
5002 30 1
5003 1545 1
5003 872 1
5003 789 1
5004 6 1
5005 6 1
5006 811 1
5006 1255 1
5007 23 1
5007 6 1
5008 6 1
5008 328 1
5009 6 1
5010 327 1
5010 164 1
5010 21 1
5011 328 1
5012 23 1
5013 286 1
5013 6 1
5014 6 1
5014 21 1
5014 648 1
5015 324 1
5016 23 1
5017 22 1
5017 6 1
5017 21 1
5017 992 1
5019 21 1
5020 6 1
5020 1446 1
5021 297 1
5022 6 1
5023 748 1
5023 164 1
5024 6 1
5025 21 1
5026 6 1
5027 189 1
5028 23 1
5029 6 1
5030 6 1
5031 6 1
5032 22 1
5032 127 1
5032 6 1
5032 74 1
5032 30 1
5033 6 1
5034 6 1
5035 6 1
5036 21 1
5036 1468 1
5037 177 1
5037 327 1
5037 748 1
5038 1497 1
5039 6 1
5039 169 1
5039 388 1
5040 6 1
5040 21 1
5041 23 1
5041 1379 1
5042 6 1
5043 23 1
5043 450 1
5044 6 1
5045 6 1
5046 324 1
5046 31 1
5047 1527 1
5048 338 1
5048 236 1
5048 127 1
5048 1307 1
5048 74 1
5049 6 1
5049 1255 1
5050 6 1
5050 21 1
5051 1497 1
5052 22 1
5053 327 1
5053 127 1
5054 6 1
5055 872 1
5056 453 1
5057 6 1
5058 6 1
5059 6 1
5060 6 1
5060 1568 1
5061 23 1
5061 6 1
5061 21 1
5062 23 1
5062 6 1
5062 1568 1
5063 6 1
5063 1568 1
5064 6 1
5064 1568 1
5065 6 1
5066 21 1
5067 364 1
5067 520 1
5068 23 1
5068 431 1
5068 6 1
5068 297 1
5068 21 1
5068 992 1
5068 229 1
5068 0 1
5069 6 1
5070 6 1
5071 127 1
5072 36 1
5073 453 1
5074 6 1
5074 992 1
5074 31 1
5074 30 1
5074 169 1
5074 761 1
5075 164 1
5076 6 1
5077 6 1
5077 1499 1
5077 297 1
5077 187 1
5077 1198 1
5078 23 1
5078 21 1
5079 6 1
5080 23 1
5080 6 1
5081 189 1
5081 25 1
5082 6 1
5083 21 1
5084 6 1
5086 6 1
5087 6 1
5088 6 1
5089 23 1
5090 6 1
5091 1150 1
5091 1569 1
5092 6 1
5093 6 1
5094 6 1
5094 648 1
5094 992 1
5095 6 1
5096 297 1
5096 30 1
5096 388 1
5097 23 1
5098 6 1
5099 6 1
5100 286 1
5101 22 1
5102 22 1
5102 283 1
5102 1570 1
5103 1571 1
5104 23 1
5104 236 1
5104 6 1
5104 438 1
5104 1457 1
5104 249 1
5104 1567 1
5104 352 1
5104 1433 1
5104 953 1
5104 916 1
5104 244 1
5105 1497 1
5106 297 1
5107 1497 1
5108 792 1
5109 23 1
5109 6 1
5109 1565 1
5109 1457 1
5110 1164 1
5111 286 1
5111 1572 1
5112 6 1
5113 177 1
5113 327 1
5113 127 1
5113 1549 1
5113 164 1
5113 283 1
5113 1570 1
5113 1573 1
5113 1358 1
5113 701 1
5113 653 1
5113 74 1
5113 490 1
5113 1141 1
5113 1574 1
5113 1575 1
5113 240 1
5114 6 1
5115 1576 1
5116 189 1
5119 493 1
5120 6 1
5121 6 1
5122 328 1
5123 23 1
5123 277 1
5123 6 1
5124 22 1
5125 21 1
5125 1488 1
5125 1489 1
5125 1469 1
5126 6 1
5127 23 1
5127 6 1
5127 297 1
5127 324 1
5128 6 1
5129 297 1
5129 21 1
5130 6 1
5131 6 1
5132 23 1
5132 6 1
5132 21 1
5133 22 1
5133 286 1
5133 1368 1
5133 271 1
5134 6 1
5135 23 1
5135 6 1
5136 701 1
5136 1141 1
5137 6 1
5138 327 1
5138 21 1
5139 6 1
5140 103 1
5141 597 1
5142 6 1
5143 6 1
5144 328 1
5145 1497 1
5146 703 1
5147 6 1
5148 324 1
5148 1446 1
5148 117 1
5149 1554 1
5150 453 1
5151 6 1
5152 23 1
5152 324 1
5152 992 1
5153 6 1
5153 1331 1
5153 280 1
5154 103 1
5154 6 1
5155 6 1
5156 453 1
5157 1574 1
5158 22 1
5158 324 1
5158 156 1
5158 701 1
5159 748 1
5159 1554 1
5160 283 1
5160 1481 1
5160 597 1
5161 23 1
5161 327 1
5161 748 1
5162 271 1
5162 30 1
5163 453 1
5164 6 1
5164 1463 1
5165 6 1
5166 21 1
5167 1133 1
5167 169 1
5168 22 1
5168 286 1
5168 21 1
5168 240 1
5169 1141 1
5170 6 1
5171 438 1
5171 1565 1
5172 6 1
5173 22 1
5173 164 1
5173 21 1
5174 6 1
5175 177 1
5175 327 1
5175 127 1
5175 1549 1
5175 164 1
5175 283 1
5175 1570 1
5175 1573 1
5175 1358 1
5175 653 1
5175 74 1
5175 490 1
5175 1141 1
5175 1574 1
5175 1575 1
5176 6 1
5177 328 1
5178 6 1
5179 6 1
5180 1027 1
5181 6 1
5181 0 1
5182 23 1
5183 1558 1
5184 280 1
5185 6 1
5185 25 1
5185 1440 1
5186 6 1
5186 1349 1
5186 1561 1
5187 6 1
5188 23 1
5188 1554 1
5189 22 1
5190 6 1
5191 6 1
5192 6 1
5193 6 1
5193 1577 1
5194 286 1
5194 872 1
5194 789 1
5195 327 1
5195 21 1
5195 701 1
5196 127 1
5196 6 1
5196 1278 1
5197 6 1
5198 297 1
5199 453 1
5199 1578 1
5200 6 1
5200 1579 1
5200 30 1
5201 25 1
5202 23 1
5202 177 1
5202 277 1
5202 327 1
5202 748 1
5202 286 1
5202 236 1
5202 127 1
5202 6 1
5202 164 1
5202 21 1
5202 189 1
5202 187 1
5202 249 1
5202 74 1
5203 1224 1
5204 6 1
5205 286 1
5205 6 1
5206 1497 1
5207 6 1
5208 6 1
5210 6 1
5210 30 1
5211 23 1
5211 244 1
5212 6 1
5213 297 1
5213 25 1
5214 23 1
5214 913 1
5214 1329 1
5215 21 1
5216 1463 1
5217 328 1
5218 21 1
5218 1481 1
5219 6 1
5220 6 1
5220 249 1
5220 169 1
5221 23 1
5221 6 1
5221 21 1
5221 74 1
5221 229 1
5222 30 1
5223 327 1
5224 297 1
5225 6 1
5225 21 1
5226 169 1
5227 22 1
5228 1542 1
5229 328 1
5230 450 1
5231 23 1
5232 297 1
5233 23 1
5234 1027 1
5234 1164 1
5235 23 1
5236 6 1
5236 21 1
5236 702 1
5237 1497 1
5238 6 1
5239 872 1
5240 6 1
5241 6 1
5242 23 1
5242 25 1
5243 1554 1
5244 6 1
5244 0 1
5246 6 1
5246 1434 1
5247 297 1
5248 6 1
5249 6 1
5251 6 1
5252 453 1
5253 23 1
5254 748 1
5254 328 1
5255 1580 1
5256 6 1
5257 453 1
5257 991 1
5258 6 1
5259 6 1
5260 578 1
5261 23 1
5261 21 1
5261 1337 1
5261 701 1
5261 789 1
5262 23 1
5262 1545 1
5262 872 1
5263 1565 1
5264 453 1
5264 991 1
5265 453 1
5265 240 1
5266 277 1
5266 1433 1
5267 6 1
5268 22 1
5268 6 1
5269 23 1
5270 23 1
5271 127 1
5272 6 1
5273 1565 1
5273 585 1
5274 6 1
5275 6 1
5276 6 1
5276 21 1
5276 1379 1
5276 1133 1
5276 169 1
5277 6 1
5278 164 1
5279 453 1
5280 286 1
5280 31 1
5281 6 1
5281 449 1
5282 6 1
5282 648 1
5283 453 1
5284 6 1
5285 1554 1
5286 748 1
5287 23 1
5288 127 1
5288 6 1
5289 6 1
5290 22 1
5290 286 1
5291 127 1
5291 164 1
5291 991 1
5292 6 1
5293 1497 1
5294 6 1
5295 913 1
5295 6 1
5296 6 1
5297 6 1
5298 6 1
5299 6 1
5300 1558 1
5301 23 1
5301 6 1
5302 6 1
5302 872 1
5303 6 1
5304 30 1
5305 22 1
5305 286 1
5305 6 1
5305 1581 1
5306 6 1
5306 31 1
5307 6 1
5308 1581 1
5308 1527 1
5309 6 1
5310 1528 1
5310 748 1
5310 1582 1
5310 953 1
5310 328 1
5311 6 1
5312 6 1
5313 453 1
5314 748 1
5314 1514 1
5314 1583 1
5315 22 1
5315 169 1
5316 22 1
5316 286 1
5316 6 1
5317 6 1
5318 6 1
5318 648 1
5319 21 1
5319 156 1
5320 23 1
5320 21 1
5321 23 1
5322 22 1
5322 6 1
5322 30 1
5323 1542 1
5324 6 1
5325 1497 1
5326 23 1
5327 23 1
5327 1379 1
5328 6 1
5328 648 1
5328 992 1
5329 748 1
5330 277 1
5330 6 1
5330 297 1
5330 117 1
5331 22 1
5332 6 1
5333 22 1
5333 286 1
5333 1032 1
5334 6 1
5334 21 1
5335 127 1
5336 789 1
5337 177 1
5337 327 1
5338 177 1
5340 6 1
5341 6 1
5342 6 1
5343 6 1
5344 453 1
5345 6 1
5346 22 1
5347 6 1
5347 21 1
5349 6 1
5350 127 1
5351 6 1
5352 1133 1
5352 1433 1
5353 6 1
5354 1584 1
5355 324 1
5355 352 1
5356 23 1
5356 21 1
5356 1489 1
5357 748 1
5357 1514 1
5357 25 1
5358 748 1
5358 127 1
5358 164 1
5358 991 1
5358 1259 1
5359 1556 1
5360 177 1
5360 748 1
5361 6 1
5362 286 1
5363 453 1
5364 6 1
5365 6 1
5366 1309 1
5367 6 1
5367 74 1
5368 1309 1
5369 6 1
5370 23 1
5370 327 1
5370 21 1
5371 23 1
5371 6 1
5372 453 1
5373 1501 1
5374 6 1
5375 286 1
5375 453 1
5376 177 1
5377 271 1
5378 1497 1
5379 6 1
5380 22 1
5380 21 1
5381 6 1
5382 25 1
5383 453 1
5384 6 1
5385 80 1
5385 291 1
5385 748 1
5385 286 1
5385 984 1
5385 664 1
5385 915 1
5385 74 1
5385 1452 1
5386 872 1
5387 453 1
5387 919 1
5388 286 1
5389 22 1
5390 6 1
5390 25 1
5391 6 1
5392 23 1
5392 1585 1
5392 597 1
5393 6 1
5393 21 1
5394 6 1
5395 6 1
5395 449 1
5395 21 1
5396 453 1
5396 578 1
5397 6 1
5398 286 1
5399 6 1
5400 23 1
5400 21 1
5400 438 1
5401 6 1
5402 6 1
5402 117 1
5402 1133 1
5402 1579 1
5402 169 1
5402 761 1
5403 919 1
5404 6 1
5404 21 1
5405 6 1
5405 74 1
5406 1433 1
5407 6 1
5407 449 1
5408 6 1
5409 6 1
5411 30 1
5412 6 1
5412 648 1
5412 1417 1
5413 164 1
5413 1348 1
5413 1337 1
5413 992 1
5413 701 1
5413 953 1
5414 6 1
5415 297 1
5416 22 1
5417 1541 1
5418 21 1
5418 1244 1
5419 6 1
5420 855 1
5421 286 1
5421 789 1
5422 6 1
5423 127 1
5423 6 1
5424 6 1
5425 6 1
5426 23 1
5426 21 1
5427 6 1
5428 6 1
5429 453 1
5430 872 1
5431 6 1
5431 25 1
5432 6 1
5432 1561 1
5433 6 1
5433 992 1
5434 22 1
5434 30 1
5434 490 1
5434 25 1
5434 491 1
5434 694 1
5435 324 1
5437 23 1
5438 324 1
5439 1558 1
5440 297 1
5442 21 1
5442 1337 1
5442 1488 1
5443 327 1
5443 22 1
5443 748 1
5443 286 1
5443 1368 1
5443 21 1
5443 1337 1
5443 1573 1
5443 653 1
5443 1544 1
5443 169 1
5443 490 1
5444 453 1
5445 22 1
5446 585 1
5447 21 1
5447 65 1
5447 872 1
5448 23 1
5449 6 1
5450 6 1
5451 286 1
5451 364 1
5452 453 1
5453 23 1
5453 22 1
5453 21 1
5454 6 1
5455 6 1
5455 648 1
5456 328 1
5457 6 1
5458 21 1
5459 286 1
5459 6 1
5460 453 1
5460 648 1
5461 453 1
5461 648 1
5462 22 1
5463 872 1
5464 992 1
5465 23 1
5465 30 1
5465 25 1
5466 1545 1
5466 872 1
5467 6 1
5468 297 1
5469 1584 1
5470 872 1
5471 6 1
5472 6 1
5472 297 1
5473 23 1
5474 6 1
5474 21 1
5475 1552 1
5475 1586 1
5476 6 1
5477 1520 1
5478 164 1
5478 323 1
5479 6 1
5480 164 1
5482 21 1
5483 22 1
5483 65 1
5484 6 1
5485 6 1
5485 1561 1
5486 6 1
5487 6 1
5487 648 1
5488 453 1
5489 22 1
5489 21 1
5490 1545 1
5490 872 1
5491 23 1
5492 6 1
5493 735 1
5494 23 1
5494 6 1
5494 21 1
5495 23 1
5495 6 1
5496 992 1
5496 703 1
5497 286 1
5497 1278 1
5498 6 1
5499 23 1
5499 324 1
5500 6 1
5501 6 1
5502 6 1
5503 1587 1
5504 189 1
5504 249 1
5504 1389 1
5505 6 1
5506 1588 1
5506 1141 1
5507 297 1
5508 286 1
5509 73 1
5510 453 1
5510 991 1
5511 80 1
5511 22 1
5511 286 1
5511 249 1
5511 1589 1
5511 1336 1
5513 22 1
5513 156 1
5514 1569 1
5515 1568 1
5516 6 1
5517 919 1
5518 6 1
5519 22 1
5520 156 1
5520 1416 1
5521 6 1
5522 6 1
5523 6 1
5524 6 1
5524 648 1
5525 6 1
5525 117 1
5525 550 1
5525 229 1
5526 6 1
5527 127 1
5527 6 1
5527 511 1
5528 6 1
5529 23 1
5530 6 1
5531 1447 1
5532 169 1
5533 6 1
5533 21 1
5534 6 1
5535 6 1
5536 1584 1
5537 6 1
5538 6 1
5539 1433 1
5539 1527 1
5540 6 1
5540 1561 1
5541 6 1
5542 1545 1
5542 872 1
5543 164 1
5543 1337 1
5543 1286 1
5543 701 1
5543 1457 1
5543 1270 1
5543 352 1
5543 789 1
5543 702 1
5543 1590 1
5543 934 1
5543 240 1
5544 6 1
5544 1447 1
5545 286 1
5545 6 1
5545 189 1
5546 748 1
5547 6 1
5548 453 1
5548 388 1
5549 1591 1
5549 992 1
5550 6 1
5551 23 1
5552 6 1
5553 30 1
5554 6 1
5555 127 1
5555 453 1
5556 1527 1
5557 6 1
5558 6 1
5559 6 1
5560 6 1
5561 6 1
5562 913 1
5562 127 1
5564 169 1
5565 31 1
5566 21 1
5567 324 1
5568 1198 1
5569 992 1
5570 6 1
5570 31 1
5571 6 1
5572 453 1
5573 6 1
5574 1368 1
5574 453 1
5574 991 1
5575 6 1
5576 6 1
5576 169 1
5577 1141 1
5578 1501 1
5579 1527 1
5580 6 1
5580 597 1
5580 1367 1
5581 21 1
5581 1337 1
5582 6 1
5582 648 1
5583 872 1
5584 6 1
5585 6 1
5585 297 1
5586 271 1
5587 23 1
5587 6 1
5587 21 1
5587 648 1
5587 1353 1
5588 6 1
5589 164 1
5590 1592 1
5591 6 1
5592 286 1
5592 6 1
5593 23 1
5593 6 1
5593 117 1
5594 6 1
5595 127 1
5595 164 1
5596 701 1
5596 872 1
5597 286 1
5597 189 1
5598 6 1
5599 23 1
5599 327 1
5599 21 1
5599 156 1
5600 6 1
5601 6 1
5602 6 1
5603 1522 1
5604 6 1
5605 6 1
5606 6 1
5607 23 1
5607 22 1
5607 431 1
5607 6 1
5607 1133 1
5607 39 1
5607 1207 1
5608 6 1
5609 23 1
5610 6 1
5611 22 1
5611 286 1
5611 271 1
5612 872 1
5612 883 1
5612 811 1
5614 127 1
5615 6 1
5616 21 1
5617 6 1
5618 21 1
5619 6 1
5620 271 1
5621 1593 1
5623 6 1
5623 117 1
5624 22 1
5625 6 1
5625 449 1
5626 6 1
5627 23 1
5628 21 1
5629 23 1
5630 22 1
5630 6 1
5631 453 1
5631 1581 1
5632 6 1
5633 6 1
5633 511 1
5633 1446 1
5634 286 1
5635 6 1
5636 6 1
5637 23 1
5637 6 1
5637 21 1
5637 511 1
5637 648 1
5637 117 1
5637 74 1
5638 31 1
5639 327 1
5640 453 1
5641 453 1
5641 648 1
5642 6 1
5643 6 1
5643 297 1
5643 648 1
5643 388 1
5644 6 1
5645 297 1
5646 6 1
5647 6 1
5647 872 1
5648 748 1
5648 164 1
5649 6 1
5650 21 1
5651 6 1
5653 6 1
5654 872 1
5654 811 1
5655 748 1
5655 1216 1
5656 6 1
5656 648 1
5656 992 1
5657 6 1
5658 6 1
5659 6 1
5660 22 1
5660 1416 1
5661 23 1
5661 324 1
5661 21 1
5661 438 1
5662 352 1
5663 6 1
5663 21 1
5664 21 1
5664 1337 1
5664 1489 1
5666 6 1
5667 23 1
5667 6 1
5668 65 1
5668 872 1
5669 23 1
5669 913 1
5669 748 1
5669 6 1
5670 1349 1
5670 1446 1
5670 117 1
5670 388 1
5670 0 1
5671 6 1
5672 453 1
5673 453 1
5673 1379 1
5674 6 1
5675 748 1
5677 6 1
5677 648 1
5677 1133 1
5678 6 1
5678 511 1
5679 23 1
5679 6 1
5680 23 1
5681 6 1
5682 23 1
5682 872 1
5683 6 1
5684 6 1
5684 21 1
5685 22 1
5685 164 1
5685 21 1
5685 701 1
5686 490 1
5687 164 1
5687 1594 1
5688 21 1
5690 6 1
5691 23 1
5692 156 1
5692 65 1
5693 6 1
5694 6 1
5695 6 1
5696 23 1
5696 6 1
5697 23 1
5697 6 1
5697 164 1
5698 1031 1
5699 6 1
5700 324 1
5701 249 1
5701 789 1
5702 6 1
5703 6 1
5704 6 1
5705 6 1
5706 6 1
5706 648 1
5707 6 1
5708 164 1
5708 453 1
5709 23 1
5709 6 1
5709 117 1
5710 6 1
5711 6 1
5712 880 1
5712 872 1
5712 934 1
5714 490 1
5715 6 1
5716 6 1
5717 6 1
5718 23 1
5719 6 1
5720 6 1
5721 6 1
5722 915 1
5722 1433 1
5723 6 1
5723 1572 1
5724 6 1
5725 6 1
5726 6 1
5727 453 1
5727 65 1
5728 6 1
5729 1594 1
5730 21 1
5732 23 1
5733 6 1
5734 6 1
5734 648 1
5734 992 1
5735 23 1
5735 21 1
5736 6 1
5737 6 1
5738 324 1
5739 6 1
5740 6 1
5742 6 1
5743 453 1
5744 6 1
5745 6 1
5746 21 1
5747 6 1
5747 21 1
5748 164 1
5748 1594 1
5749 164 1
5749 1368 1
5749 701 1
5750 249 1
5750 789 1
5751 23 1
5751 6 1
5751 117 1
5752 80 1
5752 6 1
5752 449 1
5752 21 1
5752 74 1
5752 169 1
5752 952 1
5752 1489 1
5752 1595 1
5752 246 1
5752 1147 1
5752 491 1
5754 22 1
5754 6 1
5755 6 1
5756 21 1
5757 23 1
5759 6 1
5760 431 1
5760 324 1
5760 880 1
5760 1545 1
5760 31 1
5761 297 1
5762 22 1
5763 23 1
5764 1594 1
5765 6 1
5765 21 1
5766 6 1
5767 6 1
5768 6 1
5769 6 1
5769 169 1
5770 21 1
5771 6 1
5772 6 1
5773 453 1
5773 648 1
5774 6 1
5775 6 1
5776 22 1
5777 22 1
5777 127 1
5777 6 1
5777 74 1
5778 185 1
5779 6 1
5780 761 1
5781 6 1
5782 6 1
5783 23 1
5784 6 1
5785 6 1
5786 453 1
5787 6 1
5788 6 1
5789 6 1
5790 6 1
5791 6 1
5792 6 1
5793 6 1
5794 6 1
5794 21 1
5795 23 1
5795 327 1
5795 22 1
5795 21 1
5795 1337 1
5795 701 1
5796 6 1
5797 186 1
5798 6 1
5799 6 1
5799 21 1
5800 6 1
5801 6 1
5802 6 1
5803 23 1
5804 6 1
5805 6 1
5806 6 1
5807 6 1
5808 6 1
5809 23 1
5809 748 1
5809 1596 1
5810 6 1
5811 23 1
5811 6 1
5812 6 1
5813 748 1
5813 1594 1
5814 1594 1
5815 283 1
5816 23 1
5816 913 1
5816 6 1
5816 1278 1
5816 992 1
5817 23 1
5818 6 1
5818 449 1
5819 6 1
5820 22 1
5821 6 1
5823 6 1
5824 127 1
5824 189 1
5825 23 1
5826 6 1
5827 6 1
5827 1481 1
5828 6 1
5828 648 1
5829 6 1
5831 6 1
5832 6 1
5833 127 1
5833 701 1
5834 6 1
5835 6 1
5836 297 1
5837 6 1
5838 6 1
5839 6 1
5840 6 1
5841 6 1
5842 6 1
5843 1241 1
5843 249 1
5844 22 1
5844 338 1
5844 6 1
5844 324 1
5845 1150 1
5846 453 1
5847 6 1
5848 324 1
5849 23 1
5850 6 1
5850 648 1
5851 22 1
5852 6 1
5853 23 1
5853 6 1
5853 21 1
5854 6 1
5855 453 1
5856 748 1
5857 23 1
5859 6 1
5859 297 1
5859 324 1
5860 22 1
5861 22 1
5862 23 1
5863 6 1
5864 6 1
5865 6 1
5866 6 1
5867 6 1
5868 6 1
5869 6 1
5870 6 1
5871 6 1
5871 1361 1
5872 6 1
5873 6 1
5874 6 1
5875 6 1
5876 6 1
5877 6 1
5878 1594 1
5879 286 1
5879 388 1
5880 748 1
5881 453 1
5882 880 1
5882 872 1
5882 1597 1
5883 23 1
5884 6 1
5885 748 1
5886 6 1
5887 6 1
5888 6 1
5888 297 1
5888 324 1
5889 22 1
5889 6 1
5889 648 1
5890 22 1
5890 1565 1
5891 6 1
5892 23 1
5894 324 1
5895 271 1
5896 6 1
5896 648 1
5897 6 1
5898 453 1
5899 6 1
5899 1591 1
5900 6 1
5901 286 1
5901 31 1
5901 169 1
5902 23 1
5902 748 1
5902 297 1
5902 1576 1
5902 648 1
5902 991 1
5903 324 1
5904 6 1
5905 164 1
5905 453 1
5906 6 1
5907 6 1
5907 992 1
5908 286 1
5908 6 1
5909 6 1
5910 6 1
5911 453 1
5912 21 1
5913 6 1
5914 297 1
5915 6 1
5915 324 1
5916 6 1
5917 6 1
5918 127 1
5918 164 1
5919 21 1
5920 1594 1
5921 6 1
5922 913 1
5922 453 1
5922 1598 1
5922 31 1
5923 297 1
5924 6 1
5925 23 1
5925 913 1
5925 297 1
5925 164 1
5925 1446 1
5925 992 1
5925 1270 1
5926 6 1
5927 23 1
5927 6 1
5928 648 1
5929 23 1
5929 748 1
5929 21 1
5930 6 1
5931 6 1
5932 271 1
5933 23 1
5933 6 1
5933 449 1
5933 1434 1
5934 6 1
5935 6 1
5936 6 1
5937 277 1
5937 31 1
5938 6 1
5939 23 1
5939 748 1
5939 653 1
5940 127 1
5940 164 1
5941 22 1
5942 6 1
5943 1150 1
5944 6 1
5945 23 1
5946 6 1
5947 23 1
5948 22 1
5949 23 1
5949 177 1
5949 277 1
5949 6 1
5949 164 1
5950 236 1
5950 6 1
5951 896 1
5952 6 1
5953 23 1
5953 913 1
5953 324 1
5955 324 1
5956 23 1
5957 297 1
5957 578 1
5958 6 1
5959 127 1
5959 6 1
5960 6 1
5961 286 1
5962 913 1
5962 6 1
5963 6 1
5964 6 1
5965 22 1
5965 286 1
5965 6 1
5965 1278 1
5966 6 1
5967 6 1
5968 127 1
5969 338 1
5969 6 1
5970 21 1
5971 6 1
5972 6 1
5973 23 1
5974 22 1
5974 297 1
5975 6 1
5976 6 1
5976 1511 1
5977 22 1
5978 6 1
5979 23 1
5980 22 1
5981 1501 1
5982 1286 1
5983 177 1
5983 271 1
5984 22 1
5985 880 1
5985 453 1
5986 6 1
5987 6 1
5987 1418 1
5988 6 1
5989 286 1
5989 6 1
5989 648 1
5990 6 1
5991 6 1
5992 1549 1
5993 6 1
5993 449 1
5994 23 1
5994 236 1
5994 6 1
5994 648 1
5994 117 1
5995 6 1
5995 1482 1
5996 286 1
5997 80 1
5997 286 1
5998 453 1
5999 236 1
5999 6 1
6000 6 1
6001 6 1
6002 327 1
6002 127 1
6002 164 1
6002 1599 1
6002 1594 1
6003 324 1
6003 1433 1
6004 748 1
6004 1565 1
6005 6 1
6005 1576 1
6006 22 1
6007 6 1
6008 23 1
6008 1487 1
6008 1600 1
6008 896 1
6009 6 1
6010 23 1
6011 23 1
6011 327 1
6011 1320 1
6012 6 1
6013 324 1
6013 648 1
6014 156 1
6014 65 1
6014 1601 1
6015 6 1
6015 992 1
6016 6 1
6017 6 1
6018 6 1
6019 22 1
6020 748 1
6021 22 1
6021 286 1
6022 6 1
6023 6 1
6024 23 1
6024 6 1
6024 1198 1
6025 6 1
6026 6 1
6027 6 1
6028 6 1
6028 992 1
6029 453 1
6030 6 1
6030 117 1
6031 327 1
6031 127 1
6031 164 1
6031 1599 1
6032 22 1
6033 127 1
6033 6 1
6034 453 1
6034 352 1
6035 23 1
6035 1511 1
6036 6 1
6037 6 1
6038 6 1
6039 453 1
6040 6 1
6041 6 1
6042 23 1
6043 23 1
6044 6 1
6045 896 1
6046 6 1
6047 493 1
6048 738 1
6048 327 1
6048 748 1
6048 127 1
6048 164 1
6048 1582 1
6048 1602 1
6049 23 1
6050 22 1
6051 23 1
6052 453 1
6053 6 1
6054 22 1
6055 23 1
6055 22 1
6055 21 1
6055 156 1
6056 6 1
6057 6 1
6058 6 1
6058 648 1
6059 6 1
6060 6 1
6061 6 1
6062 23 1
6063 23 1
6064 23 1
6065 913 1
6065 324 1
6065 164 1
6065 1446 1
6066 6 1
6067 6 1
6068 6 1
6069 22 1
6069 286 1
6069 1368 1
6069 271 1
6070 23 1
6071 648 1
6071 1603 1
6072 6 1
6073 6 1
6074 21 1
6075 6 1
6076 6 1
6076 324 1
6076 1604 1
6077 6 1
6078 6 1
6079 6 1
6079 449 1
6079 648 1
6080 6 1
6081 453 1
6082 277 1
6083 453 1
6084 6 1
6085 6 1
6086 748 1
6087 6 1
6088 6 1
6089 324 1
6089 648 1
6089 992 1
6090 6 1
6091 80 1
6092 6 1
6093 23 1
6093 6 1
6093 21 1
6094 23 1
6094 6 1
6094 872 1
6095 6 1
6096 23 1
6096 327 1
6096 22 1
6096 156 1
6096 1605 1
6097 286 1
6098 6 1
6099 6 1
6100 6 1
6101 6 1
6102 6 1
6103 6 1
6104 6 1
6105 6 1
6106 23 1
6106 80 1
6106 22 1
6106 748 1
6106 6 1
6106 449 1
6106 648 1
6106 1434 1
6106 117 1
6107 6 1
6108 701 1
6109 164 1
6110 6 1
6111 6 1
6112 23 1
6113 6 1
6114 453 1
6115 23 1
6116 991 1
6117 23 1
6118 6 1
6118 388 1
6119 6 1
6120 6 1
6121 6 1
6122 6 1
6123 6 1
6123 449 1
6124 22 1
6125 127 1
6125 164 1
6126 6 1
6127 6 1
6128 6 1
6129 6 1
6130 6 1
6130 449 1
6131 23 1
6131 22 1
6131 748 1
6131 127 1
6131 164 1
6132 6 1
6133 22 1
6134 6 1
6134 324 1
6134 449 1
6134 1434 1
6135 6 1
6135 648 1
6136 22 1
6136 286 1
6136 164 1
6137 23 1
6137 453 1
6137 701 1
6137 1567 1
6137 1535 1
6138 6 1
6139 127 1
6139 164 1
6139 166 1
6140 23 1
6141 23 1
6142 23 1
6142 327 1
6142 22 1
6142 748 1
6142 286 1
6142 127 1
6142 164 1
6142 1508 1
6142 1602 1
6143 6 1
6144 6 1
6145 6 1
6146 6 1
6146 648 1
6147 6 1
6148 6 1
6149 23 1
6149 913 1
6149 22 1
6149 748 1
6150 22 1
6151 22 1
6152 6 1
6153 6 1
6154 453 1
6154 438 1
6155 286 1
6155 6 1
6156 23 1
6156 934 1
6157 22 1
6158 6 1
6159 22 1
6160 453 1
6160 1544 1
6161 23 1
6161 431 1
6161 6 1
6162 22 1
6163 22 1
6163 6 1
6163 1604 1
6164 22 1
6165 6 1
6166 748 1
6166 127 1
6166 164 1
6166 1337 1
6166 701 1
6166 1270 1
6166 1594 1
6167 286 1
6168 6 1
6169 6 1
6170 6 1
6171 6 1
6172 164 1
6173 6 1
6174 23 1
6174 22 1
6174 748 1
6175 6 1
6176 23 1
6176 103 1
6176 327 1
6176 22 1
6176 748 1
6176 286 1
6176 1570 1
6176 21 1
6176 1446 1
6176 701 1
6177 23 1
6177 6 1
6178 22 1
6179 6 1
6180 22 1
6181 6 1
6181 1579 1
6182 6 1
6183 6 1
6184 6 1
6185 6 1
6186 22 1
6186 286 1
6187 23 1
6187 327 1
6187 748 1
6187 164 1
6187 1286 1
6188 6 1
6189 6 1
6190 166 1
6191 6 1
6192 1579 1
6193 6 1
6194 23 1
6195 6 1
6196 23 1
6197 286 1
6197 6 1
6198 22 1
6198 6 1
6198 648 1
6199 6 1
6200 6 1
6201 23 1
6201 748 1
6201 1457 1
6202 6 1
6203 324 1
6204 6 1
6204 188 1
6205 23 1
6206 6 1
6207 6 1
6208 6 1
6209 6 1
6210 6 1
6211 23 1
6212 431 1
6212 453 1
6212 648 1
6213 6 1
6214 453 1
6215 1521 1
6215 701 1
6216 6 1
6217 6 1
6218 324 1
6219 297 1
6220 6 1
6221 6 1
6222 6 1
6223 6 1
6224 6 1
6225 6 1
6226 748 1
6227 748 1
6227 6 1
6228 6 1
6229 6 1
6230 6 1
6230 648 1
6231 431 1
6232 6 1
6232 189 1
6233 286 1
6233 324 1
6234 6 1
6235 6 1
6236 23 1
6237 22 1
6238 80 1
6238 1606 1
6239 6 1
6239 531 1
6240 6 1
6241 1286 1
6242 6 1
6243 6 1
6244 6 1
6245 6 1
6246 913 1
6246 431 1
6246 164 1
6246 1349 1
6246 453 1
6247 6 1
6248 324 1
6249 22 1
6249 283 1
6249 271 1
6250 431 1
6250 6 1
6251 6 1
6252 6 1
6253 1482 1
6254 6 1
6255 22 1
6256 6 1
6257 1286 1
6258 22 1
6258 166 1
6259 6 1
6259 117 1
6260 6 1
6261 127 1
6261 164 1
6262 6 1
6263 6 1
6264 6 1
6265 6 1
6266 1598 1
6267 6 1
6268 22 1
6268 1607 1
6269 277 1
6269 6 1
6270 6 1
6271 6 1
6272 6 1
6273 6 1
6274 291 1
6274 6 1
6274 984 1
6274 664 1
6275 6 1
6276 277 1
6276 6 1
6277 6 1
6278 6 1
6279 6 1
6280 6 1
6281 23 1
6281 127 1
6281 6 1
6281 1278 1
6282 291 1
6282 6 1
6282 648 1
6283 6 1
6284 6 1
6285 6 1
6285 21 1
6286 6 1
6286 297 1
6286 324 1
6286 72 1
6286 735 1
6287 6 1
6287 324 1
6288 297 1
6289 6 1
6290 6 1
6291 6 1
6292 6 1
6293 6 1
6293 648 1
6293 1544 1
6294 6 1
6295 6 1
6296 188 1
6297 6 1
6298 22 1
6298 453 1
6299 6 1
6300 6 1
6301 6 1
6302 6 1
6303 6 1
6304 23 1
6304 324 1
6305 6 1
6306 6 1
6307 6 1
6308 6 1
6309 6 1
6309 908 1
6310 277 1
6310 6 1
6311 117 1
6312 6 1
6313 236 1
6313 6 1
6314 23 1
6315 23 1
6315 6 1
6315 117 1
6316 23 1
6316 327 1
6316 22 1
6316 21 1
6316 156 1
6316 1604 1
6316 82 1
6317 22 1
6317 1416 1
6317 1157 1
6317 545 1
6318 22 1
6319 6 1
6320 6 1
6321 6 1
6322 913 1
6322 156 1
6323 286 1
6324 6 1
6325 6 1
6326 286 1
6326 6 1
6327 324 1
6327 648 1
6328 6 1
6329 748 1
6330 6 1
6330 324 1
6330 648 1
6331 531 1
6332 286 1
6333 1526 1
6334 6 1
6335 6 1
6336 6 1
6336 896 1
6337 6 1
6338 6 1
6339 6 1
6339 648 1
6340 23 1
6340 748 1
6341 748 1
6342 1084 1
6343 6 1
6344 164 1
6346 23 1
6347 22 1
6347 286 1
6348 6 1
6349 6 1
6350 6 1
6351 6 1
6352 913 1
6352 156 1
6353 6 1
6354 23 1
6354 324 1
6355 23 1
6356 22 1
6356 748 1
6357 6 1
6358 431 1
6358 1499 1
6359 6 1
6360 6 1
6360 364 1
6361 6 1
6362 6 1
6363 6 1
6364 6 1
6365 748 1
6366 6 1
6367 6 1
6368 6 1
6369 23 1
6369 748 1
6369 6 1
6369 283 1
6369 1446 1
6370 6 1
6371 913 1
6371 297 1
6372 6 1
6373 6 1
6374 286 1
6374 6 1
6375 6 1
6376 6 1
6377 324 1
6377 1446 1
6377 992 1
6378 6 1
6379 6 1
6380 22 1
6381 6 1
6382 22 1
6383 324 1